[
  {
    "baseType": 3,
    "name": "Branch",
    "defaultValue": "",
    "description": "",
    "helpText": "",
    "isSystem": false,
    "minLength": 0,
    "maxLength": 2000,
    "validationRegex": "",
    "isValidate": false,
    "uuid": "69b1d7ba-d0a4-4e81-8e32-3549cb56daf3"
  },
  {
    "baseType": 3,
    "name": "Build ID",
    "defaultValue": "",
    "description": "",
    "helpText": "",
    "isSystem": false,
    "minLength": 0,
    "maxLength": 250,
    "validationRegex": "",
    "isValidate": false,
    "uuid": "0f767b5c-e24c-4fa9-8316-4da8bdcd60c5"
  },
  {
    "baseType": 3,
    "name": "Build Number",
    "defaultValue": "",
    "description": "",
    "helpText": "",
    "isSystem": false,
    "minLength": 0,
    "maxLength": 250,
    "validationRegex": "",
    "isValidate": false,
    "uuid": "d996b48c-38a9-4055-829f-a35efec45d47"
  },
  {
    "baseType": 3,
    "name": "Callback Auth Token",
    "defaultValue": "",
    "description": "",
    "helpText": "",
    "isSystem": false,
    "minLength": 0,
    "maxLength": 5000,
    "validationRegex": "",
    "isValidate": false,
    "uuid": "767f814a-afb5-47d6-a03b-a3e0bcd548e9"
  },
  {
    "baseType": 3,
    "name": "Commit",
    "defaultValue": "",
    "description": "",
    "helpText": "",
    "isSystem": false,
    "minLength": 0,
    "maxLength": 2000,
    "validationRegex": "",
    "isValidate": false,
    "uuid": "be1500c8-7f8e-4a52-b861-3d4a095c362e"
  },
  {
    "baseType": 3,
    "name": "Commit Message",
    "defaultValue": "",
    "description": "",
    "helpText": "",
    "isSystem": false,
    "minLength": 0,
    "maxLength": 20000,
    "validationRegex": "",
    "isValidate": false,
    "uuid": "ab64a983-f3fe-447a-8e4b-acf9a4a48af9"
  },
  {
    "baseType": 3,
    "name": "Job ID",
    "defaultValue": "",
    "description": "",
    "helpText": "",
    "isSystem": false,
    "minLength": 0,
    "maxLength": 2000,
    "validationRegex": "",
    "isValidate": false,
    "uuid": "0df69fcf-e89d-41b8-82cd-3c626652cec0"
  },
  {
    "baseType": 3,
    "name": "Message",
    "defaultValue": "",
    "description": "",
    "helpText": "",
    "isSystem": false,
    "minLength": 0,
    "maxLength": 20000,
    "validationRegex": "",
    "isValidate": false,
    "uuid": "8378b0cd-82c1-48b7-b963-d18e1da8fa45"
  },
  {
    "baseType": 3,
    "name": "Organization",
    "defaultValue": "",
    "description": "",
    "helpText": "",
    "isSystem": false,
    "minLength": 0,
    "maxLength": 2000,
    "validationRegex": "",
    "isValidate": false,
    "uuid": "e24b0792-a24c-4d9e-add8-f157544e18e3"
  },
  {
    "baseType": 3,
    "name": "Pipeline Name",
    "defaultValue": "",
    "description": "",
    "helpText": "",
    "isSystem": false,
    "minLength": 0,
    "maxLength": 2000,
    "validationRegex": "",
    "isValidate": false,
    "uuid": "3f0c7dd6-e711-44f8-88bb-5de791de5765"
  },
  {
    "baseType": 3,
    "name": "Plan ID",
    "defaultValue": "",
    "description": "",
    "helpText": "",
    "isSystem": false,
    "minLength": 0,
    "maxLength": 2000,
    "validationRegex": "",
    "isValidate": false,
    "uuid": "820c4d17-a717-457e-9184-d01900071d64"
  },
  {
    "baseType": 3,
    "name": "Project ID",
    "defaultValue": "",
    "description": "",
    "helpText": "",
    "isSystem": false,
    "minLength": 0,
    "maxLength": 2000,
    "validationRegex": "",
    "isValidate": false,
    "uuid": "f22153c0-ed8e-405b-8c3f-73b1e20c76ca"
  },
  {
    "baseType": 3,
    "name": "Project Name",
    "defaultValue": "",
    "description": "",
    "helpText": "",
    "isSystem": false,
    "minLength": 0,
    "maxLength": 2000,
    "validationRegex": "",
    "isValidate": false,
    "uuid": "a4305230-7b03-4369-bf4f-68efdfd39429"
  },
  {
    "baseType": 3,
    "name": "Queued By",
    "defaultValue": "",
    "description": "",
    "helpText": "",
    "isSystem": false,
    "minLength": 0,
    "maxLength": 500,
    "validationRegex": "",
    "isValidate": false,
    "uuid": "323a646b-16bb-489e-81ca-05a3f1ca42fc"
  },
  {
    "baseType": 3,
    "name": "Reason",
    "defaultValue": "",
    "description": "",
    "helpText": "",
    "isSystem": false,
    "minLength": 0,
    "maxLength": 250,
    "validationRegex": "",
    "isValidate": false,
    "uuid": "2605f51b-a294-4ef0-afa4-29067efa7782"
  },
  {
    "baseType": 3,
    "name": "Repository Name",
    "defaultValue": "",
    "description": "",
    "helpText": "",
    "isSystem": false,
    "minLength": 0,
    "maxLength": 2000,
    "validationRegex": "",
    "isValidate": false,
    "uuid": "110c2ca8-14cd-4cb5-a636-7220b90b6821"
  },
  {
    "baseType": 3,
    "name": "Repository Provider",
    "defaultValue": "",
    "description": "",
    "helpText": "",
    "isSystem": false,
    "minLength": 0,
    "maxLength": 500,
    "validationRegex": "",
    "isValidate": false,
    "uuid": "9cad3634-5797-4995-b9f1-7e1b4edf39cd"
  },
  {
    "baseType": 3,
    "name": "Subject",
    "defaultValue": "",
    "description": "",
    "helpText": "",
    "isSystem": false,
    "minLength": 0,
    "maxLength": 2000,
    "validationRegex": "",
    "isValidate": false,
    "uuid": "ed55e999-ab21-42da-998c-5fac39127b84"
  },
  {
    "baseType": 3,
    "name": "Task ID",
    "defaultValue": "",
    "description": "",
    "helpText": "",
    "isSystem": false,
    "minLength": 0,
    "maxLength": 2000,
    "validationRegex": "",
    "isValidate": false,
    "uuid": "56feb23a-9426-4878-9793-24c7ef6902d3"
  },
  {
    "baseType": 3,
    "name": "Timeline ID",
    "defaultValue": "",
    "description": "",
    "helpText": "",
    "isSystem": false,
    "minLength": 0,
    "maxLength": 2000,
    "validationRegex": "",
    "isValidate": false,
    "uuid": "c21df9d4-583e-46ed-bdc9-51a3f45c82ca"
  }
]