[
  {
    "baseType": 3,
    "name": "Approval URL",
    "defaultValue": "",
    "description": "",
    "helpText": "",
    "isSystem": false,
    "minLength": 0,
    "maxLength": 20000,
    "validationRegex": "",
    "isValidate": false,
    "uuid": "ed167197-9b81-4ca3-9049-ce80973660d5"
  },
  {
    "baseType": 3,
    "name": "Branch",
    "defaultValue": "",
    "description": "",
    "helpText": "",
    "isSystem": false,
    "minLength": 0,
    "maxLength": 2000,
    "validationRegex": "",
    "isValidate": false,
    "uuid": "3801678c-d0b9-474b-a707-830456f53a6b"
  },
  {
    "baseType": 3,
    "name": "Build ID",
    "defaultValue": "",
    "description": "",
    "helpText": "",
    "isSystem": false,
    "minLength": 0,
    "maxLength": 250,
    "validationRegex": "",
    "isValidate": false,
    "uuid": "87399067-0fb6-40cd-93a6-c841fbed5717"
  },
  {
    "baseType": 3,
    "name": "Build Number",
    "defaultValue": "",
    "description": "",
    "helpText": "",
    "isSystem": false,
    "minLength": 0,
    "maxLength": 250,
    "validationRegex": "",
    "isValidate": false,
    "uuid": "b3b8fc12-b9c1-439c-b984-a87b6b62e7d5"
  },
  {
    "baseType": 3,
    "name": "Callback Auth Token",
    "defaultValue": "",
    "description": "",
    "helpText": "",
    "isSystem": false,
    "minLength": 0,
    "maxLength": 5000,
    "validationRegex": "",
    "isValidate": false,
    "uuid": "da05faeb-e5ac-4e23-8db0-1fbbf47c0d69"
  },
  {
    "baseType": 3,
    "name": "Commit",
    "defaultValue": "",
    "description": "",
    "helpText": "",
    "isSystem": false,
    "minLength": 0,
    "maxLength": 2000,
    "validationRegex": "",
    "isValidate": false,
    "uuid": "ba6d1dfc-8bb8-4c6b-ad8b-1c8d8185c790"
  },
  {
    "baseType": 3,
    "name": "Commit Message",
    "defaultValue": "",
    "description": "",
    "helpText": "",
    "isSystem": false,
    "minLength": 0,
    "maxLength": 20000,
    "validationRegex": "",
    "isValidate": false,
    "uuid": "880c6eff-6cd9-476a-92b9-2d4a62286f21"
  },
  {
    "baseType": 3,
    "name": "Job ID",
    "defaultValue": "",
    "description": "",
    "helpText": "",
    "isSystem": false,
    "minLength": 0,
    "maxLength": 2000,
    "validationRegex": "",
    "isValidate": false,
    "uuid": "c4ddbddf-d5f5-4e36-8fa0-a88f9ad84474"
  },
  {
    "baseType": 3,
    "name": "Message",
    "defaultValue": "",
    "description": "",
    "helpText": "",
    "isSystem": false,
    "minLength": 0,
    "maxLength": 20000,
    "validationRegex": "",
    "isValidate": false,
    "uuid": "aa6d9f95-177c-42b1-ad4e-dbf71d74bf52"
  },
  {
    "baseType": 3,
    "name": "Organization",
    "defaultValue": "",
    "description": "",
    "helpText": "",
    "isSystem": false,
    "minLength": 0,
    "maxLength": 2000,
    "validationRegex": "",
    "isValidate": false,
    "uuid": "ae9cff19-66ad-40a1-a378-1c70fdd6d69a"
  },
  {
    "baseType": 3,
    "name": "Pipeline Name",
    "defaultValue": "",
    "description": "",
    "helpText": "",
    "isSystem": false,
    "minLength": 0,
    "maxLength": 2000,
    "validationRegex": "",
    "isValidate": false,
    "uuid": "7822fd31-603b-485f-9b34-c50f49a37ac2"
  },
  {
    "baseType": 3,
    "name": "Plan ID",
    "defaultValue": "",
    "description": "",
    "helpText": "",
    "isSystem": false,
    "minLength": 0,
    "maxLength": 2000,
    "validationRegex": "",
    "isValidate": false,
    "uuid": "00d1e656-5135-4f2d-8aba-e26e4d4d0c58"
  },
  {
    "baseType": 3,
    "name": "Project ID",
    "defaultValue": "",
    "description": "",
    "helpText": "",
    "isSystem": false,
    "minLength": 0,
    "maxLength": 2000,
    "validationRegex": "",
    "isValidate": false,
    "uuid": "12b00f0c-77b7-44db-b367-68e7b89bf2b4"
  },
  {
    "baseType": 3,
    "name": "Project Name",
    "defaultValue": "",
    "description": "",
    "helpText": "",
    "isSystem": false,
    "minLength": 0,
    "maxLength": 2000,
    "validationRegex": "",
    "isValidate": false,
    "uuid": "f64415e9-4df3-4dcc-b34b-274b8629d8a7"
  },
  {
    "baseType": 3,
    "name": "Queued By",
    "defaultValue": "",
    "description": "",
    "helpText": "",
    "isSystem": false,
    "minLength": 0,
    "maxLength": 500,
    "validationRegex": "",
    "isValidate": false,
    "uuid": "70e2dada-8f56-45de-a5df-142256355c50"
  },
  {
    "baseType": 3,
    "name": "Reason",
    "defaultValue": "",
    "description": "",
    "helpText": "",
    "isSystem": false,
    "minLength": 0,
    "maxLength": 250,
    "validationRegex": "",
    "isValidate": false,
    "uuid": "a856c861-7a9b-4e45-9115-b64257c5345e"
  },
  {
    "baseType": 3,
    "name": "Release Description",
    "defaultValue": "",
    "description": "",
    "helpText": "",
    "isSystem": false,
    "minLength": 0,
    "maxLength": 20000,
    "validationRegex": "",
    "isValidate": false,
    "uuid": "f6930b70-d96d-4224-8242-72af470c4412"
  },
  {
    "baseType": 3,
    "name": "Repository Name",
    "defaultValue": "",
    "description": "",
    "helpText": "",
    "isSystem": false,
    "minLength": 0,
    "maxLength": 2000,
    "validationRegex": "",
    "isValidate": false,
    "uuid": "7b9c8454-fb14-4847-a01d-d5e6263fd6e5"
  },
  {
    "baseType": 3,
    "name": "Repository Provider",
    "defaultValue": "",
    "description": "",
    "helpText": "",
    "isSystem": false,
    "minLength": 0,
    "maxLength": 500,
    "validationRegex": "",
    "isValidate": false,
    "uuid": "ca40b533-cf28-49e9-8340-bbb499cbd99f"
  },
  {
    "baseType": 3,
    "name": "Subject",
    "defaultValue": "",
    "description": "",
    "helpText": "",
    "isSystem": false,
    "minLength": 0,
    "maxLength": 2000,
    "validationRegex": "",
    "isValidate": false,
    "uuid": "7cb2db1d-edb9-4a45-a667-821f461c5f32"
  },
  {
    "baseType": 3,
    "name": "Task ID",
    "defaultValue": "",
    "description": "",
    "helpText": "",
    "isSystem": false,
    "minLength": 0,
    "maxLength": 2000,
    "validationRegex": "",
    "isValidate": false,
    "uuid": "27625c87-f7bf-4bdc-bb77-498dd8dd94c5"
  },
  {
    "baseType": 3,
    "name": "Timeline ID",
    "defaultValue": "",
    "description": "",
    "helpText": "",
    "isSystem": false,
    "minLength": 0,
    "maxLength": 2000,
    "validationRegex": "",
    "isValidate": false,
    "uuid": "553001ad-397d-42ec-a523-a1784d2a43c8"
  }
]