{
  "integrations": [
    {
      "id": "aa352de0-469e-4811-a937-46f668b27723",
      "name": "Build Task - Azure DevOps - Build Task 2",
      "action": "RUN_SCRIPT",
      "type": "INBOUND_WEBHOOK",
      "deployed": true,
      "form": "e5ff2e91-f8ec-4aa4-bd1f-1c5d4115e787",
      "environment": "HOSTED",
      "authType": "API_KEY",
      "createdBy": "FLOW",
      "integrationScriptStepUuid": "94597884-4c3f-499d-9af1-a748f6d94021"
    },
    {
      "id": "afdde31a-e1a5-4329-bdf6-7c2db5421585",
      "name": "Build Task - Continue Build",
      "action": "RUN_SCRIPT",
      "type": "OUTBOUND_WEBHOOK",
      "triggeredBy": "RESPONSE",
      "responseChoice": "Continue Build",
      "deployed": true,
      "form": "e5ff2e91-f8ec-4aa4-bd1f-1c5d4115e787",
      "environment": "HOSTED",
      "authType": "NONE",
      "createdBy": "FLOW"
    },
    {
      "id": "3db4556a-3b49-4ca7-ae6d-7f5228d7dba8",
      "name": "Build Task - Stop Build",
      "action": "RUN_SCRIPT",
      "type": "OUTBOUND_WEBHOOK",
      "triggeredBy": "RESPONSE",
      "responseChoice": "Stop Build",
      "deployed": true,
      "form": "e5ff2e91-f8ec-4aa4-bd1f-1c5d4115e787",
      "environment": "HOSTED",
      "authType": "NONE",
      "createdBy": "FLOW"
    },
    {
      "id": "f10c1a10-0ee2-422a-bc55-fe328671eeb3",
      "name": "Queue Build - Event Status Updates",
      "action": "RUN_SCRIPT",
      "type": "OUTBOUND_WEBHOOK",
      "triggeredBy": "STATUS",
      "deployed": true,
      "form": "f3c645b4-f2db-4b70-ada1-aca312213274",
      "environment": "HOSTED",
      "authType": "NONE",
      "createdBy": "FLOW"
    },
    {
      "id": "18155829-56ba-4f41-9290-3a406c7f5ec6",
      "name": "Release Gate - Approve",
      "action": "RUN_SCRIPT",
      "type": "OUTBOUND_WEBHOOK",
      "triggeredBy": "RESPONSE",
      "responseChoice": "Approve",
      "deployed": true,
      "form": "f23e950a-2bed-415b-bcbb-f1757b0ca659",
      "environment": "HOSTED",
      "authType": "NONE",
      "createdBy": "FLOW"
    },
    {
      "id": "9ccf0bb0-34b8-4edf-a613-0671e2e61897",
      "name": "Release Gate - Azure DevOps - Release Gate",
      "action": "RUN_SCRIPT",
      "type": "INBOUND_WEBHOOK",
      "deployed": true,
      "form": "f23e950a-2bed-415b-bcbb-f1757b0ca659",
      "environment": "HOSTED",
      "authType": "API_KEY",
      "createdBy": "FLOW",
      "integrationScriptStepUuid": "dc5d59c1-008b-49d3-adc4-4d6299e8901e"
    },
    {
      "id": "20f9cb26-c88d-48ec-a068-989b8777a05c",
      "name": "Release Gate - Decline",
      "action": "RUN_SCRIPT",
      "type": "OUTBOUND_WEBHOOK",
      "triggeredBy": "RESPONSE",
      "responseChoice": "Decline",
      "deployed": true,
      "form": "f23e950a-2bed-415b-bcbb-f1757b0ca659",
      "environment": "HOSTED",
      "authType": "NONE",
      "createdBy": "FLOW"
    }
  ],
  "endpoints": [
    {
      "name": "Azure DevOps",
      "baseUrl": "https://dev.azure.com",
      "type": "EXTERNAL",
      "authentication": "BASIC"
    },
    {
      "name": "Azure DevOps - Release Gate",
      "baseUrl": "https://vsrm.dev.azure.com",
      "type": "EXTERNAL",
      "authentication": "NO_AUTH"
    }
  ],
  "constants": []
}