{
  "integrations": [
    {
      "id": "931d73ae-cd87-40f7-8dc0-c51d77a6199d",
      "name": "Build Task - Azure DevOps - Build Task 2",
      "action": "RUN_SCRIPT",
      "type": "INBOUND_WEBHOOK",
      "deployed": true,
      "form": "964ad030-af11-4b51-a819-23204693eb23",
      "environment": "HOSTED",
      "authType": "API_KEY",
      "createdBy": "FLOW",
      "integrationScriptStepUuid": "94597884-4c3f-499d-9af1-a748f6d94021"
    },
    {
      "id": "e8addfb8-0a76-4017-919c-81f707bd3736",
      "name": "Build Task - Continue Build",
      "action": "RUN_SCRIPT",
      "type": "OUTBOUND_WEBHOOK",
      "triggeredBy": "RESPONSE",
      "responseChoice": "Continue Build",
      "deployed": true,
      "form": "964ad030-af11-4b51-a819-23204693eb23",
      "environment": "HOSTED",
      "authType": "NONE",
      "createdBy": "FLOW"
    },
    {
      "id": "5b081a99-bebe-4d9b-a75a-980bed27429f",
      "name": "Build Task - Stop Build",
      "action": "RUN_SCRIPT",
      "type": "OUTBOUND_WEBHOOK",
      "triggeredBy": "RESPONSE",
      "responseChoice": "Stop Build",
      "deployed": true,
      "form": "964ad030-af11-4b51-a819-23204693eb23",
      "environment": "HOSTED",
      "authType": "NONE",
      "createdBy": "FLOW"
    },
    {
      "id": "9bae6e71-fcfd-4914-823d-299230d851dc",
      "name": "Queue Build - Event Status Updates",
      "action": "RUN_SCRIPT",
      "type": "OUTBOUND_WEBHOOK",
      "triggeredBy": "STATUS",
      "deployed": true,
      "form": "2d94b170-bd6c-4d6e-bf13-8c5b30f18cf8",
      "environment": "HOSTED",
      "authType": "NONE",
      "createdBy": "FLOW"
    },
    {
      "id": "7affe09e-ef56-49d2-a292-f4722cfc8135",
      "name": "Release Approvals - Approve",
      "action": "RUN_SCRIPT",
      "type": "OUTBOUND_WEBHOOK",
      "triggeredBy": "RESPONSE",
      "responseChoice": "Approve",
      "deployed": true,
      "form": "0d8eed20-4d41-4a37-92d8-6e2c4382cc8c",
      "environment": "HOSTED",
      "authType": "NONE",
      "createdBy": "FLOW"
    },
    {
      "id": "ecc28412-c8f0-4b50-bf76-50ef62599b4c",
      "name": "Release Approvals - Azure DevOps - Approval Notice",
      "action": "RUN_SCRIPT",
      "type": "INBOUND_WEBHOOK",
      "deployed": true,
      "form": "0d8eed20-4d41-4a37-92d8-6e2c4382cc8c",
      "environment": "HOSTED",
      "authType": "API_KEY",
      "createdBy": "FLOW",
      "integrationScriptStepUuid": "0e953994-7cd7-4172-916a-09631a8590bc"
    },
    {
      "id": "3dc11661-6c52-4fad-91a1-9b628ca60a59",
      "name": "Release Approvals - Decline",
      "action": "RUN_SCRIPT",
      "type": "OUTBOUND_WEBHOOK",
      "triggeredBy": "RESPONSE",
      "responseChoice": "Decline",
      "deployed": true,
      "form": "0d8eed20-4d41-4a37-92d8-6e2c4382cc8c",
      "environment": "HOSTED",
      "authType": "NONE",
      "createdBy": "FLOW"
    },
    {
      "id": "993e7165-73eb-4bad-b141-71821d0c34f0",
      "name": "Release Gate - Approve",
      "action": "RUN_SCRIPT",
      "type": "OUTBOUND_WEBHOOK",
      "triggeredBy": "RESPONSE",
      "responseChoice": "Approve",
      "deployed": true,
      "form": "d9ebcc5b-200a-4997-a5b9-15f3019bf78f",
      "environment": "HOSTED",
      "authType": "NONE",
      "createdBy": "FLOW"
    },
    {
      "id": "b0c5db1b-d8a6-4064-92fe-3b31e053911e",
      "name": "Release Gate - Azure DevOps - Release Gate",
      "action": "RUN_SCRIPT",
      "type": "INBOUND_WEBHOOK",
      "deployed": true,
      "form": "d9ebcc5b-200a-4997-a5b9-15f3019bf78f",
      "environment": "HOSTED",
      "authType": "API_KEY",
      "createdBy": "FLOW",
      "integrationScriptStepUuid": "dc5d59c1-008b-49d3-adc4-4d6299e8901e"
    },
    {
      "id": "d81c0801-11a6-489b-9516-a1e1d55af458",
      "name": "Release Gate - Decline",
      "action": "RUN_SCRIPT",
      "type": "OUTBOUND_WEBHOOK",
      "triggeredBy": "RESPONSE",
      "responseChoice": "Decline",
      "deployed": true,
      "form": "d9ebcc5b-200a-4997-a5b9-15f3019bf78f",
      "environment": "HOSTED",
      "authType": "NONE",
      "createdBy": "FLOW"
    }
  ],
  "endpoints": [
    {
      "name": "Azure DevOps",
      "baseUrl": "https://dev.azure.com",
      "type": "EXTERNAL",
      "authentication": "BASIC"
    },
    {
      "name": "Azure DevOps - Management",
      "baseUrl": "https://vssps.dev.azure.com",
      "type": "EXTERNAL",
      "authentication": "BASIC"
    },
    {
      "name": "Azure DevOps - Release Management",
      "baseUrl": "https://vsrm.dev.azure.com",
      "type": "EXTERNAL",
      "authentication": "BASIC"
    }
  ],
  "constants": []
}