[
  {
    "id": "0e953994-7cd7-4172-916a-09631a8590bc",
    "name": "Azure DevOps - Approval Notice",
    "description": "Receives notifications from an Azure DevOps Service Hook configured to send approval notifications",
    "icon": "https://s3-xmatters-static.s3.amazonaws.com/null/customers/b37a4596-1e89-4b51-98cd-83844cf25f31/IMAGE__20200204150738147__AzureDevOps.png",
    "script": "try {\n    payload = JSON.parse(request.body);\n} catch (e) {\n    throw new Error('Unable to parse response: ' + e.message);\n}\n\noutput.eventType = payload.eventType;\n\nif (payload.eventType == 'ms.vss-release.deployment-approval-pending-event') {\n    try {\n        console.log('Subscription ID: ' + payload.subscriptionId);\n        console.log('Notification ID: ' + payload.notificationId);\n        console.log('Notification GUID: ' + payload.id);\n    } catch (e) {\n        console.log('WARN: Issue getting notification info, but going to continue.');\n        console.log(e.message);\n    }\n\n    try {\n        re = new RegExp('(?<=^https:\\/\\/vsrm.dev.azure.com/).+?(?=\\/)', 'gs');\n        var organization = payload.resourceContainers.project['baseUrl'].match(re)[0];\n        output.organization = organization;\n        output.projectId = payload.resource.project.id;\n        output.projectName = payload.resource.project.name;\n    } catch (e) {\n        console.log('WARN: Unable to get release Organization or Project, but going to continue.');\n        console.log(e.message);\n        var organization = 'unknown';\n        output.organization = 'Unknown';\n        output.projectId = 'Unknown';\n        output.projectName = 'Unknown';\n    }\n    \n    output.releaseDefinitionId = payload.resource.release.releaseDefinition.id;\n    output.releaseDefinitionName = payload.resource.release.releaseDefinition.name;\n\n    try {\n        output.messageText = payload.message.text;\n        output.messageHtml = payload.message.html;\n        output.messageMarkdown = payload.message.markdown;\n    } catch (e) {\n        console.log('WARN: Unable to get notification message text. Using default text.');\n        console.log(e.message);\n        output.messageText = 'Release requires approval.';\n        output.messageHtml = '<b>Release requires approval.</b>';\n        output.messageMarkdown = '**Release requires approval.**';\n    }\n\n    try {\n        output.releaseId = payload.resource.release.id;\n        output.releaseName = payload.resource.release.name;\n        output.releaseUrl = payload.resource.release._links.web.href;\n        output.releaseDescription = payload.resource.release.description;\n    } catch (e) {\n        console.log('WARN: Unable to get release information, but going to continue.');\n        console.log(e.message);\n        output.releaseId = 'Unknown';\n        output.releaseName = 'Unknown';\n        output.releaseUrl = 'Unknown';\n        output.releaseDescription = '';\n    }\n    output.approverId = payload.resource.approval.approver.id;\n    if (payload.resource.approval.approver.isContainer == undefined) {\n        output.approverName = payload.resource.approval.approver.displayName;\n        output.approverUniqueName = payload.resource.approval.approver.uniqueName;\n        output.isGroup = false;\n    } else if (payload.resource.approval.approver.isContainer == true) {\n        //re = new RegExp('(?<=^.+\\\\\\\\).+(?=$)', 'gs');\n        //var groupName = payload.resource.approval.approver.displayName.match(re)[0];\n        var displayName = payload.resource.approval.approver.displayName.split('\\\\');\n        var groupName = displayName[displayName.length - 1];\n        output.approverName = groupName;\n        output.approverUniqueName = organization + '/' + groupName;\n        output.isGroup = true;\n    }\n\n    output.approverDescriptor = payload.resource.approval.approver.descriptor;\n\n    output.approvalId = payload.resource.approval.id;\n\n    approvalFound = false;\n    for (approval in payload.resource.release.environments[0].preDeployApprovals) {\n        if (payload.resource.release.environments[0].preDeployApprovals[approval].id == payload.resource.approval.id) {\n            output.approvalUrl = payload.resource.release.environments[0].preDeployApprovals[approval].url;\n            approvalFound = true;\n        }\n    }\n    for (approval in payload.resource.release.environments[0].postDeployApprovals) {\n        if (payload.resource.release.environments[0].postDeployApprovals[approval].id == payload.resource.approval.id) {\n            output.approvalUrl = payload.resource.release.environments[0].postDeployApprovals[approval].url;\n            approvalFound = true;\n        }\n    }\n    if (approvalFound == false) {\n        throw new Error('Unable to find matching approval URL');\n    }\n    //output.approvalUrl = payload.resource.release.environments[0].preDeployApprovals[0].url;\n\n    output.status = payload.resource.release.environments[0].status;\n} else {\n    //console.log('ERROR: Unexpected event type: Expecting \"ms.vss-release.deployment-approval-pending-event\" recieved \"' + payload.eventType + '\"')\n    throw new Error('Unexpected event type: Expecting \"ms.vss-release.deployment-approval-pending-event\" recieved \"' + payload.eventType + '\"');\n}\n\n",
    "allowedEnvironment": "HOSTED",
    "accessibleByAll": "NotShared",
    "triggerAuthType": "API_KEY",
    "scriptStepType": "CUSTOM_HTTP",
    "inputs": [],
    "outputs": [
      {
        "id": "93b80f50-dda7-444f-adb1-808c65b6c8ac",
        "name": "approverId",
        "description": "",
        "position": 0
      },
      {
        "id": "a552f113-1622-4ac4-9116-6b028cf7c4b2",
        "name": "approverName",
        "description": "",
        "position": 1
      },
      {
        "id": "b8287544-71a1-4090-b66a-f67190ebf6b0",
        "name": "approverUniqueName",
        "description": "",
        "position": 2
      },
      {
        "id": "6db1097e-7239-4bf6-a4e2-9d4bce3d54fd",
        "name": "approverDescriptor",
        "description": "",
        "position": 3
      },
      {
        "id": "79e21948-c9a2-42c8-a4aa-f3505ba4af45",
        "name": "approvalId",
        "description": "",
        "position": 4
      },
      {
        "id": "779a166c-9e57-4c40-b207-f30ee9fe19ff",
        "name": "approvalUrl",
        "description": "",
        "position": 5
      },
      {
        "id": "01156488-229e-4974-9d53-381210dd52f1",
        "name": "messageText",
        "description": "",
        "position": 6
      },
      {
        "id": "b480f88c-0cd1-42ba-9639-9c7dedf37737",
        "name": "messageHtml",
        "description": "",
        "position": 7
      },
      {
        "id": "99a6d505-8602-45c6-9ce3-c879dc094814",
        "name": "messageMarkdown",
        "description": "",
        "position": 8
      },
      {
        "id": "0333b023-5046-4b85-8f1f-e595826c38c1",
        "name": "organization",
        "description": "",
        "position": 9
      },
      {
        "id": "090ca22d-a244-428b-907c-b729b72d9801",
        "name": "projectId",
        "description": "",
        "position": 10
      },
      {
        "id": "2550207c-a5ab-4a7c-add1-dc98b8d5e15e",
        "name": "projectName",
        "description": "",
        "position": 11
      },
      {
        "id": "e3894eda-a86a-43b3-a731-265b105c7dee",
        "name": "releaseId",
        "description": "",
        "position": 12
      },
      {
        "id": "f3b20493-a95b-4fd6-8460-172d216edcdb",
        "name": "releaseName",
        "description": "",
        "position": 13
      },
      {
        "id": "e462b8e7-5fbb-45ac-98c3-8e4f65387167",
        "name": "releaseUrl",
        "description": "",
        "position": 14
      },
      {
        "id": "460d7ef7-c7b3-4e26-9fdd-c5459e9b38c2",
        "name": "eventType",
        "description": "",
        "position": 15
      },
      {
        "id": "a55fae6e-5e8a-4200-994a-2733be0148fa",
        "name": "status",
        "description": "",
        "position": 16
      },
      {
        "id": "adbff043-3e69-453f-8502-86adab6146c9",
        "name": "releaseDescription",
        "description": "",
        "position": 17
      },
      {
        "id": "1659623e-ba09-466a-84d2-cab050e81a90",
        "name": "isGroup",
        "description": "",
        "position": 18
      },
      {
        "id": "223d9077-e00f-4834-a117-59a568c7b10b",
        "name": "releaseDefinitionId",
        "position": 19
      },
      {
        "id": "59e11ce3-cd1a-4f96-a78e-cc094893678a",
        "name": "releaseDefinitionName",
        "position": 20
      }
    ],
    "libraries": []
  },
  {
    "id": "94597884-4c3f-499d-9af1-a748f6d94021",
    "name": "Azure DevOps - Build Task",
    "description": "",
    "icon": "https://s3-xmatters-static.s3.amazonaws.com/null/customers/b37a4596-1e89-4b51-98cd-83844cf25f31/IMAGE__20200204150738147__AzureDevOps.png",
    "script": "/*\n Receives a request from an Azure DevOps build task.  The request payload must contain the required\n parameters for other steps to make basic callbacks to update the Azure DevOps task status. The \n payload must be in JSON format and follow the example below. You could use the Azure DevOps\n \"Invoke REST API\" task with the example payload.\n \n Required payload parameters:\n - hub name (host type)\n - organization name\n - project ID\n - plan ID\n - job ID\n - task ID\n - callback authentication token\n \n Optional payload parameters:\n - timeline ID\n - project Name\n - pipeline Name\n - job nzame\n - build ID\n - build Number\n - reason\n - queued By\n - repository Name\n - branch\n - commit\n - commit Message\n - stage Name\n\nExample payload from Azure DevOps:\n\n{\n    \"PlanUrl\": \"$(system.CollectionUri)\",\n    \"ProjectId\": \"$(system.TeamProjectId)\",\n    \"ProjectName\": \"$(system.TeamProject)\",\n    \"HubName\": \"$(system.HostType)\",\n    \"PlanId\": \"$(system.PlanId)\",\n    \"JobId\": \"$(system.JobId)\",\n    \"JobName\": \"$(system.JobDisplayName)\",\n    \"TimelineId\": \"$(system.TimelineId)\",\n    \"TaskInstanceId\": \"$(system.TaskInstanceId)\",\n    \"AuthToken\": \"$(system.AccessToken)\",\n    \"BuildId\": \"$(build.BuildId)\",\n    \"BuildNumber\": \"$(Build.BuildNumber)\",\n    \"PipelineName\": \"$(build.DefinitionName)\",\n    \"QueuedBy\": \"$(build.QueuedBy)\",\n    \"Reason\": \"$(build.Reason)\",\n    \"RepoName\": \"$(build.Repository.Name)\",\n    \"Branch\": \"$(Build.SourceBranchName)\",\n    \"Commit\": \"$(build.SourceVersion)\",\n    \"CommitMessage\": \"$(build.SourceVersionMessage)\",\n    \"StageName\": \"$(system.StageDisplayName)\",\n    \"xmSubject\": \"Your message subject\",\n    \"xmMessage\": \"Your message\",\n    \"xmRecipients\": \"user1,group2,user3,group4\"\n}\n*/\n\npayload = JSON.parse(request.body);\n\n//Check if this is an Azure DevOps build task\nif (payload['HubName'] != 'build'){\n    throw 'Invalid request type. Must be an Azure DevOps build task request with properly formatted payload.';\n}\n\n/*\n* Parameters required for a basic callback in another Azure DevOps build task step\n*/\n//Get Azure DevOps organization name from the callback URL\nre = new RegExp('(?<=^https:\\/\\/dev.azure.com/).+?(?=\\/)', 'gs');\norganization = payload['PlanUrl'].match(re);\noutput['organization'] = organization[0];\n\noutput['projectID'] = payload['ProjectId'];\noutput['planID'] = payload['PlanId'];\noutput['jobID'] = payload['JobId'];\noutput['taskID'] = payload['TaskInstanceId'];\noutput['callbackAuthToken'] = payload['AuthToken'];\n\n/*\n* Additional parameters that can be passed to other steps\n*/\noutput['timelineID'] = payload['TimelineId'];\noutput['projectName'] = payload['ProjectName'];\noutput['pipelineName'] = payload['PipelineName'];\noutput['jobName'] = payload['JobName'];\noutput['buildID'] = payload['BuildId'];\noutput['buildNumber'] = payload['BuildNumber'];\noutput['reason'] = payload['Reason'];\noutput['queuedBy'] = payload['QueuedBy'];\noutput['repoName'] = payload['RepoName'];\noutput['branch'] = payload['Branch'];\noutput['commit'] = payload['Commit'];\noutput['commitMessage'] = payload['CommitMessage'];\noutput['stageName'] = payload['StageName'];\noutput['recipients'] = payload['xmRecipients'];\noutput['messageSubject'] = payload['xmSubject'];\noutput['message'] = payload['xmMessage'];\n\nif (payload['Reason'] == 'PullRequest') {\n    output['pullRequestId'] = payload['PullRequestId'];\n    output['pullRequestNumber'] = payload['PullRequestNumber'];\n    output['pullRequestSource'] = payload['PullRequestSource'];\n    output['pullRequestTarget'] = payload['PullRequestTarget'];\n} else {\n    output['pullRequestId'] = \"\";\n    output['pullRequestNumber'] = \"\";\n    output['pullRequestSource'] = \"\";\n    output['pullRequestTarget'] = \"\";\n}",
    "endpointLabel": "",
    "allowedEnvironment": "HOSTED",
    "accessibleByAll": "NotShared",
    "triggerAuthType": "API_KEY",
    "scriptStepType": "CUSTOM_HTTP",
    "inputs": [],
    "outputs": [
      {
        "id": "11c19794-36fc-45d3-9e12-8f20ea0484f8",
        "name": "organization",
        "description": "",
        "position": 0
      },
      {
        "id": "f720a632-5f29-4c44-a0f8-0cc16b2e231b",
        "name": "projectID",
        "description": "",
        "position": 1
      },
      {
        "id": "665bd1cb-b0a5-49c2-afcd-5740a6a68fc4",
        "name": "projectName",
        "description": "",
        "position": 2
      },
      {
        "id": "acf9e362-099f-4c27-ad7b-08d59855ba37",
        "name": "planID",
        "description": "",
        "position": 3
      },
      {
        "id": "a7426cd4-600d-450c-964c-6dcc35160003",
        "name": "jobID",
        "description": "",
        "position": 4
      },
      {
        "id": "09771772-6c9b-474c-a5d6-4e1e8649adf9",
        "name": "jobName",
        "description": "",
        "position": 5
      },
      {
        "id": "2bcf6788-1211-4351-ad31-000e53add437",
        "name": "taskID",
        "description": "",
        "position": 6
      },
      {
        "id": "14a57e87-f17d-486b-a0bb-dab226ff3c6e",
        "name": "timelineID",
        "description": "",
        "position": 7
      },
      {
        "id": "8e6f7275-752b-46df-9bb1-a1de4e6ee5bc",
        "name": "pipelineName",
        "description": "",
        "position": 8
      },
      {
        "id": "ed1d7222-c219-4df0-a1ad-46ac69e820fc",
        "name": "buildID",
        "description": "",
        "position": 9
      },
      {
        "id": "7c155482-dfc0-48cd-b922-698500631a43",
        "name": "buildNumber",
        "description": "",
        "position": 10
      },
      {
        "id": "9ec0c260-15b5-4bdd-afd1-a4b0f213664b",
        "name": "reason",
        "description": "",
        "position": 11
      },
      {
        "id": "cea16230-b116-4cac-9fb9-a5a4ea92e8f8",
        "name": "queuedBy",
        "description": "",
        "position": 12
      },
      {
        "id": "8ef2a481-87d9-4d25-971d-00866113f20c",
        "name": "repoName",
        "description": "",
        "position": 13
      },
      {
        "id": "1b5de750-8a28-4973-a152-be86260092a7",
        "name": "branch",
        "description": "",
        "position": 14
      },
      {
        "id": "8c5f8a99-d3fe-4ef7-9256-93e7d0601244",
        "name": "commit",
        "description": "",
        "position": 15
      },
      {
        "id": "5e29d155-b86a-4f12-a380-ef91fdbf675a",
        "name": "commitMessage",
        "description": "",
        "position": 16
      },
      {
        "id": "64c53157-6b87-44a4-a4bc-aea4300f7740",
        "name": "stageName",
        "description": "",
        "position": 17
      },
      {
        "id": "a29fba38-8ab5-4050-97cf-5c809c29fa62",
        "name": "pullRequestId",
        "description": "",
        "position": 18
      },
      {
        "id": "c11c1dd5-3a9f-407f-90b1-c0336eccd742",
        "name": "pullRequestNumber",
        "description": "",
        "position": 19
      },
      {
        "id": "329c3292-da2a-4c0e-b690-b45b9b4e06bd",
        "name": "pullRequestSource",
        "description": "",
        "position": 20
      },
      {
        "id": "69e04715-3000-4a09-b525-80b120c2d6b8",
        "name": "pullRequestTarget",
        "description": "",
        "position": 21
      },
      {
        "id": "24eb59a2-25ff-4dd0-9e8e-1c8bb45736d6",
        "name": "recipients",
        "description": "",
        "position": 22
      },
      {
        "id": "94ec4abf-55e4-4838-91f7-06ab91665bc7",
        "name": "messageSubject",
        "description": "",
        "position": 23
      },
      {
        "id": "59429dcd-3543-45f2-a9aa-aaf627e11948",
        "name": "message",
        "description": "",
        "position": 24
      },
      {
        "id": "d2650659-6293-452d-bd63-f4436518b4cc",
        "name": "callbackAuthToken",
        "description": "",
        "position": 25
      }
    ],
    "libraries": []
  },
  {
    "id": "56b876b2-ffe5-498b-958c-552601cf50c1",
    "name": "Azure DevOPs - Build Task Completed",
    "description": "Signals Azure DevOps that the requested task has completed.",
    "icon": "https://s3-xmatters-static.s3.amazonaws.com/null/customers/b37a4596-1e89-4b51-98cd-83844cf25f31/IMAGE__20200204150738147__AzureDevOps.png",
    "script": "/**\n * This step can be used in conjuction with the buildTask trigger to update Azure DevOps that the\n * requested task has completed with the set result(\"succeeded\" or \"failed\").\n */\n\nvar base64 = require('base64').base64;\n\nconst organization = input['organization'];\nconst projectID = input['projectId'];\nconst planID = input['planId'];\nconst jobID = input['jobId'];\nconst taskID = input['taskId'];\nconst authToken = input['callbackAuthToken'];\nconst result = input['taskResult'];\n\nvar URLPath = '/' + organization + '/' + projectID + '/_apis/distributedtask/hubs/build/plans/' + planID + '/events?api-version=2.0-preview.1';\nvar authProperty = 'Basic ' + base64.encode(\":\" + authToken);\n\nvar apiRequest = http.request({\n    'endpoint': 'Azure DevOps',\n    'path': URLPath,\n    'method': 'POST',\n    'headers': {\n        'Content-Type': 'application/json',\n        'Authorization': authProperty\n    }\n});\n\nbody =  { name: \"TaskCompleted\", taskId: taskID, jobId: jobID, result: result };\n\nvar apiResponse = apiRequest.write(body);\noutput['responseCode'] = apiResponse.statusCode;\n\nif (apiResponse.statusCode > 299) {\n    console.log(\"\");\n    console.log(\"ERROR: Unable to update the Azure DevOps build task status.\")\n    console.log(\"ERROR: Azure DevOps returned a bad response.\");\n    console.log(\"ERROR: Verify that the correct Azure DevOps organization, projectID, planID, jobID, taskID, and auth token were provided.\")\n    throw 'Azure DevOps returned a bad response.'\n}",
    "endpointLabel": "Azure DevOps",
    "allowedEnvironment": "HOSTED",
    "accessibleByAll": "NotShared",
    "scriptStepType": "USER",
    "inputs": [
      {
        "id": "9f630138-4ab4-46be-b840-bdeb31459837",
        "name": "organization",
        "helpText": "Azure DevOps organization",
        "defaultValue": "",
        "multiline": false,
        "required": true,
        "validationRegex": "",
        "maxLength": 2000,
        "minLength": 0,
        "position": 0
      },
      {
        "id": "c6d06d36-e6a4-4058-8179-c260e8cdb056",
        "name": "projectId",
        "helpText": "Azure DevOps project ID",
        "defaultValue": "",
        "multiline": false,
        "required": true,
        "validationRegex": "",
        "maxLength": 2000,
        "minLength": 0,
        "position": 1
      },
      {
        "id": "8b6cf984-6c72-4b93-af91-291f2f699cc8",
        "name": "planId",
        "helpText": "Azure DevOps plan ID",
        "defaultValue": "",
        "multiline": false,
        "required": true,
        "validationRegex": "",
        "maxLength": 2000,
        "minLength": 0,
        "position": 2
      },
      {
        "id": "93c67719-3c89-42ee-a03c-c1feb9be0ce2",
        "name": "jobId",
        "helpText": "Azure DevOps job ID",
        "defaultValue": "",
        "multiline": false,
        "required": true,
        "validationRegex": "",
        "maxLength": 2000,
        "minLength": 0,
        "position": 3
      },
      {
        "id": "d5d775d4-a30e-49d2-9a17-725599b001e0",
        "name": "taskId",
        "helpText": "Azure DevOps task ID",
        "defaultValue": "",
        "multiline": false,
        "required": true,
        "validationRegex": "",
        "maxLength": 2000,
        "minLength": 0,
        "position": 4
      },
      {
        "id": "5f0eb2fd-740e-49b8-b504-1172d1d176f2",
        "name": "callbackAuthToken",
        "helpText": "Azure DevOps callback auth token",
        "defaultValue": "",
        "multiline": false,
        "required": true,
        "validationRegex": "",
        "maxLength": 2000,
        "minLength": 0,
        "position": 5
      },
      {
        "id": "724c060e-de07-40db-9db4-edcf38dee8cd",
        "name": "taskResult",
        "helpText": "Result of task to send to Azure DevOps. Either \"succeeded\" or \"failed\"",
        "defaultValue": "succeeded",
        "multiline": false,
        "required": true,
        "validationRegex": "",
        "maxLength": 10,
        "minLength": 0,
        "position": 6
      }
    ],
    "outputs": [
      {
        "id": "199b45ab-78bd-49d6-be6c-adee10cec2e0",
        "name": "responseCode",
        "description": "",
        "position": 0
      }
    ],
    "libraries": [
      {
        "id": "24bd13d3-995a-4507-90bf-583267b92073",
        "referenceName": "base64",
        "library": {
          "id": "3141b6ec-6bbe-42e3-8b0c-99256e9a8c68",
          "name": "base64",
          "script": "exports.base64 = (function () {\n\n    'use strict';\n\n    // My public methods will get added to this object\n    var base64 = {};\n\n    var _keyStr = \"ABCDEFGHIJKLMNOPQRSTUVWXYZabcdefghijklmnopqrstuvwxyz0123456789+/=:\";\n\n    // private method for UTF-8 encoding\n    var _utf8_encode = function (string) {\n        string = string.replace(/\\r\\n/g, \"\\n\");\n        var utftext = \"\";\n\n        for (var n = 0; n < string.length; n++) {\n\n            var c = string.charCodeAt(n);\n\n            if (c < 128) {\n                utftext += String.fromCharCode(c);\n            }\n            else if ((c > 127) && (c < 2048)) {\n                utftext += String.fromCharCode((c >> 6) | 192);\n                utftext += String.fromCharCode((c & 63) | 128);\n            }\n            else {\n                utftext += String.fromCharCode((c >> 12) | 224);\n                utftext += String.fromCharCode(((c >> 6) & 63) | 128);\n                utftext += String.fromCharCode((c & 63) | 128);\n            }\n\n        }\n\n        return utftext;\n    };\n\n    // private method for UTF-8 decoding\n    var _utf8_decode = function (utftext) {\n        var string = \"\";\n        var i = 0;\n        var c = 0;\n        var c1 = 0;\n        var c2 = 0;\n\n        while (i < utftext.length) {\n\n            c = utftext.charCodeAt(i);\n\n            if (c < 128) {\n                string += String.fromCharCode(c);\n                i++;\n            }\n            else if ((c > 191) && (c < 224)) {\n                c2 = utftext.charCodeAt(i + 1);\n                string += String.fromCharCode(((c & 31) << 6) | (c2 & 63));\n                i += 2;\n            }\n            else {\n                c2 = utftext.charCodeAt(i + 1);\n                c3 = utftext.charCodeAt(i + 2);\n                string += String.fromCharCode(((c & 15) << 12) | ((c2 & 63) << 6) | (c3 & 63));\n                i += 3;\n            }\n\n        }\n        return string;\n    };\n\n    // public method for encoding\n    base64.encode = function (input) {\n        var output = \"\";\n        var chr1, chr2, chr3, enc1, enc2, enc3, enc4;\n        var i = 0;\n\n        input = _utf8_encode(input);\n\n        while (i < input.length) {\n\n            chr1 = input.charCodeAt(i++);\n            chr2 = input.charCodeAt(i++);\n            chr3 = input.charCodeAt(i++);\n\n            enc1 = chr1 >> 2;\n            enc2 = ((chr1 & 3) << 4) | (chr2 >> 4);\n            enc3 = ((chr2 & 15) << 2) | (chr3 >> 6);\n            enc4 = chr3 & 63;\n\n            if (isNaN(chr2)) {\n                enc3 = enc4 = 64;\n            } else if (isNaN(chr3)) {\n                enc4 = 64;\n            }\n\n            output = output +\n                _keyStr.charAt(enc1) + _keyStr.charAt(enc2) +\n                _keyStr.charAt(enc3) + _keyStr.charAt(enc4);\n\n        }\n\n        return output;\n    };\n\n    // public method for decoding\n    base64.decode = function (input) {\n        var output = \"\";\n        var chr1, chr2, chr3;\n        var enc1, enc2, enc3, enc4;\n        var i = 0;\n\n        input = input.replace(/[^A-Za-z0-9\\+\\/\\=]/g, \"\");\n\n        while (i < input.length) {\n\n            enc1 = _keyStr.indexOf(input.charAt(i++));\n            enc2 = _keyStr.indexOf(input.charAt(i++));\n            enc3 = _keyStr.indexOf(input.charAt(i++));\n            enc4 = _keyStr.indexOf(input.charAt(i++));\n\n            chr1 = (enc1 << 2) | (enc2 >> 4);\n            chr2 = ((enc2 & 15) << 4) | (enc3 >> 2);\n            chr3 = ((enc3 & 3) << 6) | enc4;\n\n            output = output + String.fromCharCode(chr1);\n\n            if (enc3 != 64) {\n                output = output + String.fromCharCode(chr2);\n            }\n            if (enc4 != 64) {\n                output = output + String.fromCharCode(chr3);\n            }\n\n        }\n\n        output = _utf8_decode(output);\n\n        return output;\n\n    };\n\n    // Return our public methods so that they can be accessed\n    return base64;\n\n})();",
          "accessibleByAll": "NotShared"
        }
      }
    ]
  },
  {
    "id": "de95ca83-049f-4298-b939-56b0e4742114",
    "name": "Azure DevOps - Build Task Started",
    "description": "Notifies Azure DevOps that xMatters has started performing the task",
    "icon": "https://s3-xmatters-static.s3.amazonaws.com/null/customers/b37a4596-1e89-4b51-98cd-83844cf25f31/IMAGE__20200204150738147__AzureDevOps.png",
    "script": "/**\n * This step can be used in conjuction with the buildTask trigger to update Azure DevOps that the\n * requested task has completed with the set result(\"succeeded\" or \"failed\").\n */\n\nvar base64 = require('base64').base64;\n\nconst organization = input['organization'];\nconst projectID = input['projectId'];\nconst planID = input['planId'];\nconst jobID = input['jobId'];\nconst taskID = input['taskId'];\nconst authToken = input['callbackAuthToken'];\n\nvar URLPath = '/' + organization + '/' + projectID + '/_apis/distributedtask/hubs/build/plans/' + planID + '/events?api-version=2.0-preview.1';\nvar authProperty = 'Basic ' + base64.encode(\":\" + authToken);\n\nvar apiRequest = http.request({\n    'endpoint': 'Azure DevOps',\n    'path': URLPath,\n    'method': 'POST',\n    'headers': {\n        'Content-Type': 'application/json',\n        'Authorization': authProperty\n    }\n});\n\nbody =  { name: \"TaskStarted\", taskId: taskID, jobId: jobID };\n\nvar apiResponse = apiRequest.write(body);\noutput['responseCode'] = apiResponse.statusCode;\n\nif (apiResponse.statusCode > 299) {\n    console.log(\"\");\n    console.log(\"ERROR: Unable to update the Azure DevOps build task status.\")\n    console.log(\"ERROR: Azure DevOps returned a bad response.\");\n    console.log(\"ERROR: Verify that the correct Azure DevOps organization, projectID, planID, jobID, taskID, and auth token were provided.\")\n    throw 'Azure DevOps returned a bad response.'\n}",
    "endpointLabel": "Azure DevOps",
    "allowedEnvironment": "HOSTED",
    "accessibleByAll": "NotShared",
    "scriptStepType": "USER",
    "inputs": [
      {
        "id": "18151315-27dc-4c22-8981-a6ee55737c3d",
        "name": "organization",
        "helpText": "Azure DevOps organization the task is running in",
        "defaultValue": "",
        "multiline": false,
        "required": true,
        "validationRegex": "",
        "maxLength": 2000,
        "minLength": 0,
        "position": 0
      },
      {
        "id": "9b784956-628b-4672-9322-c94f5cda10fd",
        "name": "projectId",
        "helpText": "Azure DevOps project ID the task is running in",
        "defaultValue": "",
        "multiline": false,
        "required": true,
        "validationRegex": "",
        "maxLength": 2000,
        "minLength": 0,
        "position": 1
      },
      {
        "id": "a0377978-5fb0-4b4a-987f-350542c8e655",
        "name": "planId",
        "helpText": "Azure DevOps plan ID",
        "defaultValue": "",
        "multiline": false,
        "required": true,
        "validationRegex": "",
        "maxLength": 2000,
        "minLength": 0,
        "position": 2
      },
      {
        "id": "3638c65e-1c69-40fd-a258-592faa2fa485",
        "name": "jobId",
        "helpText": "Azure DevOps job ID",
        "defaultValue": "",
        "multiline": false,
        "required": true,
        "validationRegex": "",
        "maxLength": 2000,
        "minLength": 0,
        "position": 3
      },
      {
        "id": "e547f60f-84df-49f5-b05f-fb72348eaf95",
        "name": "taskId",
        "helpText": "Azure DevOps task ID",
        "defaultValue": "",
        "multiline": false,
        "required": true,
        "validationRegex": "",
        "maxLength": 2000,
        "minLength": 0,
        "position": 4
      },
      {
        "id": "946861f6-4435-4af7-a326-c4c44e01bb6d",
        "name": "callbackAuthToken",
        "helpText": "Callback auth token",
        "defaultValue": "",
        "multiline": false,
        "required": true,
        "validationRegex": "",
        "maxLength": 2000,
        "minLength": 0,
        "position": 5
      }
    ],
    "outputs": [
      {
        "id": "ac06f719-5932-44bd-aab4-fcd216efd335",
        "name": "responseCode",
        "description": "",
        "position": 0
      }
    ],
    "libraries": [
      {
        "id": "8354d3d4-fb2b-4b9c-9737-ad07680cdd76",
        "referenceName": "base64",
        "library": {
          "id": "3141b6ec-6bbe-42e3-8b0c-99256e9a8c68",
          "name": "base64",
          "script": "exports.base64 = (function () {\n\n    'use strict';\n\n    // My public methods will get added to this object\n    var base64 = {};\n\n    var _keyStr = \"ABCDEFGHIJKLMNOPQRSTUVWXYZabcdefghijklmnopqrstuvwxyz0123456789+/=:\";\n\n    // private method for UTF-8 encoding\n    var _utf8_encode = function (string) {\n        string = string.replace(/\\r\\n/g, \"\\n\");\n        var utftext = \"\";\n\n        for (var n = 0; n < string.length; n++) {\n\n            var c = string.charCodeAt(n);\n\n            if (c < 128) {\n                utftext += String.fromCharCode(c);\n            }\n            else if ((c > 127) && (c < 2048)) {\n                utftext += String.fromCharCode((c >> 6) | 192);\n                utftext += String.fromCharCode((c & 63) | 128);\n            }\n            else {\n                utftext += String.fromCharCode((c >> 12) | 224);\n                utftext += String.fromCharCode(((c >> 6) & 63) | 128);\n                utftext += String.fromCharCode((c & 63) | 128);\n            }\n\n        }\n\n        return utftext;\n    };\n\n    // private method for UTF-8 decoding\n    var _utf8_decode = function (utftext) {\n        var string = \"\";\n        var i = 0;\n        var c = 0;\n        var c1 = 0;\n        var c2 = 0;\n\n        while (i < utftext.length) {\n\n            c = utftext.charCodeAt(i);\n\n            if (c < 128) {\n                string += String.fromCharCode(c);\n                i++;\n            }\n            else if ((c > 191) && (c < 224)) {\n                c2 = utftext.charCodeAt(i + 1);\n                string += String.fromCharCode(((c & 31) << 6) | (c2 & 63));\n                i += 2;\n            }\n            else {\n                c2 = utftext.charCodeAt(i + 1);\n                c3 = utftext.charCodeAt(i + 2);\n                string += String.fromCharCode(((c & 15) << 12) | ((c2 & 63) << 6) | (c3 & 63));\n                i += 3;\n            }\n\n        }\n        return string;\n    };\n\n    // public method for encoding\n    base64.encode = function (input) {\n        var output = \"\";\n        var chr1, chr2, chr3, enc1, enc2, enc3, enc4;\n        var i = 0;\n\n        input = _utf8_encode(input);\n\n        while (i < input.length) {\n\n            chr1 = input.charCodeAt(i++);\n            chr2 = input.charCodeAt(i++);\n            chr3 = input.charCodeAt(i++);\n\n            enc1 = chr1 >> 2;\n            enc2 = ((chr1 & 3) << 4) | (chr2 >> 4);\n            enc3 = ((chr2 & 15) << 2) | (chr3 >> 6);\n            enc4 = chr3 & 63;\n\n            if (isNaN(chr2)) {\n                enc3 = enc4 = 64;\n            } else if (isNaN(chr3)) {\n                enc4 = 64;\n            }\n\n            output = output +\n                _keyStr.charAt(enc1) + _keyStr.charAt(enc2) +\n                _keyStr.charAt(enc3) + _keyStr.charAt(enc4);\n\n        }\n\n        return output;\n    };\n\n    // public method for decoding\n    base64.decode = function (input) {\n        var output = \"\";\n        var chr1, chr2, chr3;\n        var enc1, enc2, enc3, enc4;\n        var i = 0;\n\n        input = input.replace(/[^A-Za-z0-9\\+\\/\\=]/g, \"\");\n\n        while (i < input.length) {\n\n            enc1 = _keyStr.indexOf(input.charAt(i++));\n            enc2 = _keyStr.indexOf(input.charAt(i++));\n            enc3 = _keyStr.indexOf(input.charAt(i++));\n            enc4 = _keyStr.indexOf(input.charAt(i++));\n\n            chr1 = (enc1 << 2) | (enc2 >> 4);\n            chr2 = ((enc2 & 15) << 4) | (enc3 >> 2);\n            chr3 = ((enc3 & 3) << 6) | enc4;\n\n            output = output + String.fromCharCode(chr1);\n\n            if (enc3 != 64) {\n                output = output + String.fromCharCode(chr2);\n            }\n            if (enc4 != 64) {\n                output = output + String.fromCharCode(chr3);\n            }\n\n        }\n\n        output = _utf8_decode(output);\n\n        return output;\n\n    };\n\n    // Return our public methods so that they can be accessed\n    return base64;\n\n})();",
          "accessibleByAll": "NotShared"
        }
      }
    ]
  },
  {
    "id": "c952cb57-06d9-4c11-8190-19855cc5b472",
    "name": "Azure DevOps - Queue Build",
    "description": "",
    "icon": "https://s3-xmatters-static.s3.amazonaws.com/null/customers/b37a4596-1e89-4b51-98cd-83844cf25f31/IMAGE__20200204150738147__AzureDevOps.png",
    "script": "const organization = input['organization'];\nconst projectName = input['projectName'];\nconst pipelineName = input['pipelineName'];\nconst endpoint = 'Azure DevOps';\n\nfunction getPipelineID(organization, projectName, pipelineName) {\n\n    var pipelineID = null;\n    var apiRequest = null;\n    var apiResponse = null;\n\n    try {\n        var URLPath = encodeURI('/' + organization + '/' + projectName + '/_apis/build/definitions?name=' + pipelineName + '&api-version=5.1');\n\n        apiRequest = http.request({\n            'endpoint': endpoint,\n            'path': URLPath,\n            'method': 'GET',\n            'headers': {\n                'Content-Type': 'application/json'\n            }\n        });\n    } catch (e) {\n        console.log('ERROR:Issue setting up request for pipeline ID');\n        throw e;\n    }\n\n    try {\n        apiResponse = apiRequest.write();\n    } catch (e) {\n        console.log('ERROR:Issue requesting pipeline ID');\n        throw e;\n    }\n\n    if (apiResponse.statusCode == 200) {\n        console.log(apiResponse.body);\n        try {\n            payload = JSON.parse(apiResponse.body);\n        \n            var pipelines = payload.value;\n\n            if (payload.count == 1) {\n                console.log('INFO:Found ID ' + pipelines[0].id + ' for pipeline ' + pipelineName);\n                pipelineID = pipelines[0].id;\n            } else if (payload.count > 1) {\n                throw 'More than one matching pipelines with name ' + projectName;\n            } else {\n                throw 'No matching pipelines with name ' + projectName;\n            }\n        } catch (e) {\n            console.log('ERROR:Issue evaluating response');\n            throw e;\n        }\n    } else {\n        console.log('ERROR: Received bad response when getting project ID for ' + projectName);\n        console.log('Response Status Code: ' + apiResponse.statusCode);\n        throw apiResponse.body;\n    }\n\n    return pipelineID;\n\n}\n\nfunction triggerBuild(organization, projectName, pipelineID) {\n    console.log('INFO:Starting build');\n    var apiRequest = null;\n    var apiResponse = null;\n    var payload = null;\n    var body = null;\n\n    try {\n        var URLPath = encodeURI('/' + organization + '/' + projectName + '/_apis/build/builds?api-version=5.1');\n\n        apiRequest = http.request({\n            'endpoint': endpoint,\n            'path': URLPath,\n            'method': 'POST',\n            'headers': {\n                'Content-Type': 'application/json'\n            }\n        });\n\n        body = {\n            \"definition\": {\n                \"id\": pipelineID\n            }\n        };\n    } catch (e) {\n        console.log('ERROR:Issue setting up request for new build');\n        throw e;\n    }\n\n    try {\n        apiResponse = apiRequest.write(body);\n        \n        if (apiResponse.statusCode != 200) {\n            console.log('ERROR:Received bad response when triggering build');\n            console.log('Response Status Code: ' + apiResponse.statusCode);\n            throw apiResponse.body;\n        }\n    } catch (e) {\n        console.log('ERROR:Issue triggering build');\n        throw e;\n    }\n    \n    return apiResponse;\n}\n\nconsole.log('INFO:Getting ID for pipeline \"' + pipelineName + '\"');\nvar pipelineID = getPipelineID(organization, projectName, pipelineName);\n\nif (pipelineID !== null) {\n    console.log('INFO:Triggering build for ' + pipelineName);\n    var response = triggerBuild(organization, projectName, pipelineID);\n\n    var buildInfo = JSON.parse(response.body);\n\n    output['responseCode'] = response.statusCode;\n    output['buildId'] = buildInfo.id;\n    output['BuildNumber'] = buildInfo.buildNumber;\n}\n",
    "endpointAuthType": "BASIC",
    "endpointLabel": "Azure DevOps",
    "allowedEnvironment": "HOSTED",
    "accessibleByAll": "NotShared",
    "scriptStepType": "USER",
    "inputs": [
      {
        "id": "54e3382c-7675-489a-a84a-40bb7534295d",
        "name": "organization",
        "helpText": "Organization name or ID to create the work item in",
        "defaultValue": "",
        "multiline": false,
        "required": true,
        "validationRegex": "",
        "maxLength": 500,
        "minLength": 1,
        "position": 0
      },
      {
        "id": "81179a97-1601-4b7a-958f-4c5591075c94",
        "name": "projectName",
        "helpText": "",
        "defaultValue": "",
        "multiline": false,
        "required": false,
        "validationRegex": "",
        "maxLength": 2000,
        "minLength": 0,
        "position": 1
      },
      {
        "id": "9bc7b9f8-9c26-4432-8760-98ca64498aca",
        "name": "pipelineName",
        "helpText": "Pipeline name or ID to create the work item in",
        "defaultValue": "",
        "multiline": false,
        "required": true,
        "validationRegex": "",
        "maxLength": 1000,
        "minLength": 1,
        "position": 2
      }
    ],
    "outputs": [
      {
        "id": "4630927c-1dd1-4a77-83b4-dcd97ab1d590",
        "name": "buildId",
        "description": "",
        "position": 0
      },
      {
        "id": "1700d03a-e6dd-4f5c-976d-3e618b7f4de3",
        "name": "buildNumber",
        "description": "",
        "position": 1
      },
      {
        "id": "2f14acaf-f508-47a0-8d54-64c61b10efa8",
        "name": "responseCode",
        "description": "",
        "position": 2
      }
    ],
    "libraries": []
  },
  {
    "id": "dc5d59c1-008b-49d3-adc4-4d6299e8901e",
    "name": "Azure DevOps - Release Gate",
    "description": "Trigger that receives notification from an Azure DevOps release pipeline release gate poll. You can use in conjunction with the Azure DevOps - Update Release Gate.",
    "icon": "https://s3-xmatters-static.s3.amazonaws.com/null/customers/b37a4596-1e89-4b51-98cd-83844cf25f31/IMAGE__20200204150738147__AzureDevOps.png",
    "script": "/*\n Receives a request from an Azure DevOps release gate task.  The request payload must contain the required\n parameters for other steps to make basic callbacks to update the Azure DevOps release gate status. The \n payload must be in JSON format and follow the example below. You could use the Azure DevOps\n \"Invoke REST API\" task with the example payload.\n \n Required payload parameters:\n - hub name (host type)\n - organization name\n - project ID\n - plan ID\n - job ID\n - task ID\n - callback authentication token\n - timeline ID (this is required because ADO polls release gates.This is the only parameters that is static.)\n \n Optional payload parameters:\n - project Name\n - pipeline Name\n - job nzame\n - build ID\n - build Number\n - reason\n - queued By\n - repository Name\n - branch\n - commit\n - commit Message\n - stage Name\n\nExample payload from Azure DevOps:\n\n{\n    \"PlanUrl\": \"$(system.CollectionUri)\",\n    \"ProjectId\": \"$(system.TeamProjectId)\",\n    \"ProjectName\": \"$(system.TeamProject)\",\n    \"HubName\": \"$(system.HostType)\",\n    \"PlanId\": \"$(system.PlanId)\",\n    \"JobId\": \"$(system.JobId)\",\n    \"TimelineId\": \"$(system.TimelineId)\",\n    \"TaskInstanceId\": \"$(system.TaskInstanceId)\",\n    \"AuthToken\": \"$(system.AccessToken)\",\n    \"BuildId\": \"$(build.BuildId)\",\n    \"BuildNumber\": \"$(Build.BuildNumber)\",\n    \"PipelineName\": \"$(build.DefinitionName)\",\n    \"RepoName\": \"$(build.Repository.Name)\",\n    \"Branch\": \"$(Build.SourceBranchName)\",\n    \"Commit\": \"$(build.SourceVersion)\",\n    \"DefinitionName\": \"$(build.DefinitionName)\",\n    \"RepositoryName\": \"$(build.Repository.Name)\",\n    \"RepositoryProvider\": \"$(build.Repository.Provider)\",\n    \"RequestedFor\": \"$(build.RequestedFor)\",\n    \"SourceBranch\": \"$(build.SourceBranch)\",\n    \"SourceBranchName\": \"$(build.SourceBranchName)\",\n    \"SourceVersion\": \"$(build.SourceVersion)\",\n    \"xmSubject\": \"Your Subject\",\n    \"xmMessage\": \"Your Message\",\n    \"xmRecipients\": \"user1,group2,user3,group4\"\n}\n*/\n\npayload = JSON.parse(request.body);\n\n//Check if this is an Azure DevOps release gate task\nif (payload['HubName'] != 'gates'){\n    throw 'Invalid request type. Must be an Azure DevOps release gate task request with properly formatted payload.';\n}\n\n/*\n* Parameters required for a basic callback in another Azure DevOps build task step\n*/\n//Get Azure DevOps organization name from the callback URL\nre = new RegExp('(?<=^https:\\/\\/vsrm.dev.azure.com/).+?(?=\\/)', 'gs');\norganization = payload['PlanUrl'].match(re);\noutput['organization'] = organization[0];\n\noutput['projectID'] = payload['ProjectId'];\noutput['planID'] = payload['PlanId'];\noutput['jobID'] = payload['JobId'];\noutput['taskID'] = payload['TaskInstanceId'];\noutput['callbackAuthToken'] = payload['AuthToken'];\n\n/**\n* This is the only common value between ADO release gate polls. This value can\n* be passed in an event. Then if another poll is received from Azure DevOps\n* release gate it can be used to find previous events for the same release.\n*/\noutput['timelineID'] = payload['TimelineId'];\n\n/*\n* Additional parameters that can be passed to other steps\n*/\n\noutput['projectName'] = payload['ProjectName'];\noutput['pipelineName'] = payload['PipelineName'];\noutput['buildId'] = payload['BuildId'];\noutput['buildNumber'] = payload['BuildNumber'];\noutput['repositoryProvider'] = payload['RepositoryProvider'];\noutput['repositoryName'] = payload['RepositoryName'];\noutput['branch'] = payload['Branch'];\noutput['commit'] = payload['Commit'];\noutput['recipients'] = payload['xmRecipients'];\noutput['messageSubject'] = payload['xmSubject'];\noutput['message'] = payload['xmMessage'];\noutput['releasePipeline'] = payload['ReleasePipeline'];\noutput['releaseId'] = payload['ReleaseId'];\noutput['releaseDefinitionId'] = payload['ReleaseDefinitionId'];\noutput['releaseName'] = payload['ReleaseName'];\noutput['releaseURL'] = payload['ReleaseURL'];\noutput['releaseDescription'] = payload['ReleaseDescription'];\noutput['requestedFor'] = payload['RequestedFor'];\noutput['releaseReason'] = payload['ReleaseReason'];\n\n\n\n",
    "endpointLabel": "",
    "allowedEnvironment": "HOSTED",
    "accessibleByAll": "NotShared",
    "triggerAuthType": "API_KEY",
    "scriptStepType": "CUSTOM_HTTP",
    "inputs": [],
    "outputs": [
      {
        "id": "e673faa1-1e1f-49b8-8955-d05cefc7ebe0",
        "name": "organization",
        "description": "",
        "position": 0
      },
      {
        "id": "ca6871c8-fa13-452e-bc5a-05526e081dae",
        "name": "projectID",
        "description": "",
        "position": 1
      },
      {
        "id": "46933591-118b-45b6-8135-afe89567fdc4",
        "name": "projectName",
        "description": "",
        "position": 2
      },
      {
        "id": "05fc02f1-08b3-4e8a-9bfc-4b0ca04a5062",
        "name": "planID",
        "description": "",
        "position": 3
      },
      {
        "id": "2bdf6896-d489-47c2-8825-1fe80bbc438b",
        "name": "jobID",
        "description": "",
        "position": 4
      },
      {
        "id": "dd7c395f-a735-49b0-9a38-bfb1689463ce",
        "name": "taskID",
        "description": "",
        "position": 5
      },
      {
        "id": "858ba2a6-d771-4e16-aef0-480e4fa406f8",
        "name": "timelineID",
        "description": "",
        "position": 6
      },
      {
        "id": "0e2206ab-dec2-4e4a-8029-caa2da98e580",
        "name": "recipients",
        "description": "",
        "position": 7
      },
      {
        "id": "8fa5e23a-2ac8-499a-a935-5e615b4770db",
        "name": "messageSubject",
        "description": "",
        "position": 8
      },
      {
        "id": "9ae56f9b-8c43-4041-ad1b-860d49f34a74",
        "name": "message",
        "description": "",
        "position": 9
      },
      {
        "id": "c912e1da-14a2-423a-be24-b9d669e8897b",
        "name": "callbackAuthToken",
        "description": "",
        "position": 10
      },
      {
        "id": "588f9b08-3a60-4dfc-9e58-39c7b6b60179",
        "name": "pipelineName",
        "description": "",
        "position": 11
      },
      {
        "id": "61f28622-89ff-489f-9f28-4b1f6d6cf963",
        "name": "buildId",
        "description": "",
        "position": 12
      },
      {
        "id": "eef1c8b8-92c6-4ee5-8bd1-d3fe9d7eaa73",
        "name": "buildNumber",
        "description": "",
        "position": 13
      },
      {
        "id": "51756efd-c157-42b5-8397-d62702939ac5",
        "name": "repositoryProvider",
        "description": "",
        "position": 14
      },
      {
        "id": "de291ccc-0dcf-48fa-bd75-1002d149820a",
        "name": "repositoryName",
        "description": "",
        "position": 15
      },
      {
        "id": "88a64128-37b1-4ef6-875f-9df245271233",
        "name": "branch",
        "description": "",
        "position": 16
      },
      {
        "id": "9dcf1a50-4631-47dc-b1fd-a0e94b4e0498",
        "name": "commit",
        "description": "",
        "position": 17
      },
      {
        "id": "8b8d76d6-0953-4914-9cd5-a9ece83bd2f9",
        "name": "releasePipeline",
        "description": "",
        "position": 18
      },
      {
        "id": "934a86c5-2e38-4f84-b6a2-35ea98c7c3ec",
        "name": "releaseId",
        "description": "",
        "position": 19
      },
      {
        "id": "d5bc5785-1d25-4eca-8c36-e3fd2ff75cc5",
        "name": "releaseName",
        "description": "",
        "position": 20
      },
      {
        "id": "39863ec2-e866-4cae-af65-dbf91d33f855",
        "name": "releaseURL",
        "description": "",
        "position": 21
      },
      {
        "id": "15efce0d-6b81-4e76-8b7d-e36904b7242e",
        "name": "releaseDescription",
        "description": "",
        "position": 22
      },
      {
        "id": "e9f3417c-af27-4a6d-9e3f-7c15fe071802",
        "name": "requestedFor",
        "description": "",
        "position": 23
      },
      {
        "id": "8b9ac689-01c5-4c27-bd84-6862a3bbb2f6",
        "name": "releaseReason",
        "description": "",
        "position": 24
      },
      {
        "id": "1fd968e5-d32f-4bc9-82e5-7ccecac9a869",
        "name": "releaseDefinitionId",
        "description": "",
        "position": 25
      }
    ],
    "libraries": []
  },
  {
    "id": "2af9e044-1829-4057-a946-9db295d88980",
    "name": "Azure DevOps - Search for User",
    "description": "",
    "icon": "https://s3-xmatters-static.s3.amazonaws.com/null/customers/b37a4596-1e89-4b51-98cd-83844cf25f31/IMAGE__20200204150738147__AzureDevOps.png",
    "script": "const organization = input['organization'];\nconst searchTerm = input['searchTerm'];\n//Endpoint must use https://vssps.dev.azure.com as URL\nconst endpoint = 'Azure DevOps - Management';\n\nfunction queryUser(organization, searchTerm) {\n    console.log('INFO:Searching for user');\n    var apiRequest = null;\n    var apiResponse = null;\n    var payload = null;\n    var body = null;\n\n    try {\n        var URLPath = encodeURI('/' + organization + '/_apis/graph/subjectquery?api-version=6.0-preview.1');\n\n        apiRequest = http.request({\n            'endpoint': endpoint,\n            'path': URLPath,\n            'method': 'POST',\n            'headers': {\n                'Content-Type': 'application/json'\n            }\n        });\n\n        body = {\n                \t\"query\": searchTerm,\n                \t\"subjectKind\": [\"User\"]\n                };\n    } catch (e) {\n        console.log('ERROR:Issue setting up query');\n        throw e;\n    }\n\n    try {\n        apiResponse = apiRequest.write(body);\n        \n        if (apiResponse.statusCode != 200) {\n            console.log('ERROR:Received bad response during user search');\n            console.log('Response Status Code: ' + apiResponse.statusCode);\n            throw apiResponse.body;\n        }\n    } catch (e) {\n        console.log('ERROR:Issue finding user');\n        throw e;\n    }\n    \n    return apiResponse;\n}\n\nconsole.log('INFO:Searching for user user term \"' + searchTerm + '\"');\n\nif (searchTerm !== null && searchTerm != \"\" && searchTerm !== undefined) {\n    var response = queryUser(organization, searchTerm);\n\n    var user = JSON.parse(response.body);\n        \n    if (user.count == 1) {\n        output['descriptor'] = user.value[0].descriptor;\n        output['displayName'] = user.value[0].displayName;\n        output['email'] = user.value[0].mailAddress;\n    } else if (user.count > 1) {\n        throw new Error('More than one user matches search ' + searchTerm);\n    } else if (user.count == 0) {\n        throw new Error('No user matching search ' + searchTerm);\n    } else {\n        throw new Error('Unknown Error');\n    }\n} else {\n    throw new Error('Must provide a search term');\n}\n",
    "endpointAuthType": "BASIC",
    "endpointLabel": "Azure DevOps",
    "allowedEnvironment": "HOSTED",
    "accessibleByAll": "NotShared",
    "scriptStepType": "USER",
    "inputs": [
      {
        "id": "1e3817ff-c970-41f5-99d3-33cd1d32f143",
        "name": "organization",
        "helpText": "Organization name or ID to create the work item in",
        "defaultValue": "",
        "multiline": false,
        "required": true,
        "validationRegex": "",
        "maxLength": 500,
        "minLength": 1,
        "position": 0
      },
      {
        "id": "9358091d-99ca-43f2-b2c2-104e47e3325b",
        "name": "searchTerm",
        "helpText": "Term used to search for user like Email Address or Name. Be sure to use something unique enough to get one user.",
        "defaultValue": "",
        "multiline": false,
        "required": true,
        "validationRegex": "",
        "maxLength": 20000,
        "minLength": 0,
        "position": 1
      }
    ],
    "outputs": [
      {
        "id": "8ce14551-ad5f-4330-8cda-35a8016421c3",
        "name": "descriptor",
        "description": "",
        "position": 0
      },
      {
        "id": "dcb99d11-5586-4495-ad9c-dab29486d8ab",
        "name": "displayName",
        "description": "",
        "position": 1
      },
      {
        "id": "33244a8a-7f63-44d4-bc73-c58412b69eb2",
        "name": "email",
        "description": "",
        "position": 2
      }
    ],
    "libraries": []
  },
  {
    "id": "e56a944b-7d2a-435a-a7f4-7d200fa5cdb0",
    "name": "Azure DevOps - Update Release Approval Status",
    "description": "Updates a release approval status",
    "icon": "https://s3-xmatters-static.s3.amazonaws.com/null/customers/b37a4596-1e89-4b51-98cd-83844cf25f31/IMAGE__20200204150738147__AzureDevOps.png",
    "script": "const approvalUrl = input['Release Approval URL'];\nconst comment = input['Comment'];\n\nre = new RegExp('(?<=https:\\/\\/vsrm\\.dev\\.azure\\.com)(.*)(?=$)', 'gs');\n\nvar URLPath = approvalUrl.match(re)[0];\n\nvar apiRequest = http.request({\n    'endpoint': 'Azure DevOps - Release Management',\n    'path': URLPath + '?api-version=5.1',\n    'method': 'PATCH',\n    'headers': {\n        'Content-Type': 'application/json'\n    }\n});\n\nbody =  {\n  \"status\": input['Status'],\n  \"comments\": input['Comment']\n};\n\nvar apiResponse = apiRequest.write(body);\noutput['Response Code'] = apiResponse.statusCode;\n\nif (apiResponse.statusCode < 200 || apiResponse.statusCode >= 300) {\n    throw new Error('Error sending release approval status');\n}",
    "endpointLabel": "Azure DevOps - Release Management",
    "allowedEnvironment": "HOSTED",
    "accessibleByAll": "NotShared",
    "scriptStepType": "USER",
    "inputs": [
      {
        "id": "ac739a70-0a8c-491f-9497-f29f9c2ebd34",
        "name": "Release Approval URL",
        "helpText": "The URL of the approval",
        "defaultValue": "",
        "multiline": false,
        "required": true,
        "validationRegex": "",
        "maxLength": 20000,
        "minLength": 0,
        "position": 0
      },
      {
        "id": "533bd28d-67be-4c5a-b834-44d42630c655",
        "name": "Status",
        "helpText": "Set release approval status (approved, rejected)",
        "defaultValue": "",
        "multiline": false,
        "required": true,
        "validationRegex": "",
        "maxLength": 2000,
        "minLength": 0,
        "position": 1
      },
      {
        "id": "084c4927-5551-4df1-a3da-bead41739196",
        "name": "Comment",
        "helpText": "Comment to add to status update",
        "defaultValue": "",
        "multiline": false,
        "required": false,
        "validationRegex": "",
        "maxLength": 20000,
        "minLength": 0,
        "position": 2
      }
    ],
    "outputs": [
      {
        "id": "c1a3bfe3-5299-4c95-b681-e310db5e1603",
        "name": "Response Code",
        "description": "",
        "position": 0
      }
    ],
    "libraries": []
  },
  {
    "id": "bed7769c-47d9-4196-a9d5-1206ec690a52",
    "name": "Azure DevOps - Update Release Gate",
    "description": "When used in conjunction with the Azure DevOps Release Gate trigger this step can be used to update a release gate status. Azure DevOps polls all release gate endpoints until they all pass. The workflow must be able to keep status and return on poll. All callback info changes on each poll except for the Timeline ID.",
    "icon": "https://s3-xmatters-static.s3.amazonaws.com/null/customers/b37a4596-1e89-4b51-98cd-83844cf25f31/IMAGE__20200204150738147__AzureDevOps.png",
    "script": "/**\n * This step can be used in conjuction with the releaseGate trigger to update Azure DevOps release gate \n * with the desired result(\"succeeded\" or \"failed\").\n */\n\nvar base64 = require('base64').base64;\n\nconst organization = input['organization'];\nconst projectID = input['projectID'];\nconst planID = input['planID'];\nconst jobID = input['jobID'];\nconst taskID = input['taskID'];\nconst authToken = input['callbackAuthToken'];\nconst result = input['result'];\n\nvar URLPath = '/' + organization + '/' + projectID + '/_apis/distributedtask/hubs/gates/plans/' + planID + '/events?api-version=2.0-preview.1';\nvar authProperty = 'Basic ' + base64.encode(\":\" + authToken);\n\nvar apiRequest = http.request({\n    'endpoint': 'Azure DevOps - Release Gate',\n    'path': URLPath,\n    'method': 'POST',\n    'headers': {\n        'Content-Type': 'application/json',\n        'Authorization': authProperty\n    }\n});\n\nbody =  { name: \"TaskCompleted\", taskId: taskID, jobId: jobID, result: result };\n\nvar apiResponse = apiRequest.write(body);\noutput['responseCode'] = apiResponse.statusCode;\nif(apiResponse.statusCode != 204) {\n    throw 'ERROR:Invalid response from Azure DevOps';\n}\n",
    "endpointLabel": "Azure DevOps - Release Gate",
    "allowedEnvironment": "HOSTED",
    "accessibleByAll": "NotShared",
    "scriptStepType": "USER",
    "inputs": [
      {
        "id": "b3e68b13-d815-4e4f-bef3-a6e00ee61665",
        "name": "organization",
        "helpText": "",
        "defaultValue": "",
        "multiline": false,
        "required": false,
        "validationRegex": "",
        "maxLength": 2000,
        "minLength": 0,
        "position": 0
      },
      {
        "id": "ea7cfa0d-3394-4c88-9b47-8fba8787ce6c",
        "name": "projectID",
        "helpText": "",
        "defaultValue": "",
        "multiline": false,
        "required": false,
        "validationRegex": "",
        "maxLength": 2000,
        "minLength": 0,
        "position": 1
      },
      {
        "id": "a3089ad3-d525-4a43-9112-9d4d6fb63cbd",
        "name": "planID",
        "helpText": "",
        "defaultValue": "",
        "multiline": false,
        "required": false,
        "validationRegex": "",
        "maxLength": 2000,
        "minLength": 0,
        "position": 2
      },
      {
        "id": "bf78570d-9319-478f-8b6e-b9dba4fc1e6e",
        "name": "jobID",
        "helpText": "",
        "defaultValue": "",
        "multiline": false,
        "required": false,
        "validationRegex": "",
        "maxLength": 2000,
        "minLength": 0,
        "position": 3
      },
      {
        "id": "56675bd9-dfc6-4508-847c-3c5d12ff651f",
        "name": "taskID",
        "helpText": "",
        "defaultValue": "",
        "multiline": false,
        "required": false,
        "validationRegex": "",
        "maxLength": 2000,
        "minLength": 0,
        "position": 4
      },
      {
        "id": "f3bc4653-64fc-454b-8de4-5f79287d46e6",
        "name": "callbackAuthToken",
        "helpText": "",
        "defaultValue": "",
        "multiline": false,
        "required": false,
        "validationRegex": "",
        "maxLength": 2000,
        "minLength": 0,
        "position": 5
      },
      {
        "id": "179e2ea1-1bef-4c16-9b76-612c38a6d3d7",
        "name": "result",
        "helpText": "Either \"succeeded\" or \"failed\"",
        "defaultValue": "succeeded",
        "multiline": false,
        "required": false,
        "validationRegex": "",
        "maxLength": 10,
        "minLength": 0,
        "position": 6
      }
    ],
    "outputs": [
      {
        "id": "1b54faf9-45c5-4d27-ba27-ee9f2d51ab9d",
        "name": "responseCode",
        "description": "",
        "position": 0
      }
    ],
    "libraries": [
      {
        "id": "67086c2e-b24c-4906-9dc2-b451f2fd3a16",
        "referenceName": "base64",
        "library": {
          "id": "3141b6ec-6bbe-42e3-8b0c-99256e9a8c68",
          "name": "base64",
          "script": "exports.base64 = (function () {\n\n    'use strict';\n\n    // My public methods will get added to this object\n    var base64 = {};\n\n    var _keyStr = \"ABCDEFGHIJKLMNOPQRSTUVWXYZabcdefghijklmnopqrstuvwxyz0123456789+/=:\";\n\n    // private method for UTF-8 encoding\n    var _utf8_encode = function (string) {\n        string = string.replace(/\\r\\n/g, \"\\n\");\n        var utftext = \"\";\n\n        for (var n = 0; n < string.length; n++) {\n\n            var c = string.charCodeAt(n);\n\n            if (c < 128) {\n                utftext += String.fromCharCode(c);\n            }\n            else if ((c > 127) && (c < 2048)) {\n                utftext += String.fromCharCode((c >> 6) | 192);\n                utftext += String.fromCharCode((c & 63) | 128);\n            }\n            else {\n                utftext += String.fromCharCode((c >> 12) | 224);\n                utftext += String.fromCharCode(((c >> 6) & 63) | 128);\n                utftext += String.fromCharCode((c & 63) | 128);\n            }\n\n        }\n\n        return utftext;\n    };\n\n    // private method for UTF-8 decoding\n    var _utf8_decode = function (utftext) {\n        var string = \"\";\n        var i = 0;\n        var c = 0;\n        var c1 = 0;\n        var c2 = 0;\n\n        while (i < utftext.length) {\n\n            c = utftext.charCodeAt(i);\n\n            if (c < 128) {\n                string += String.fromCharCode(c);\n                i++;\n            }\n            else if ((c > 191) && (c < 224)) {\n                c2 = utftext.charCodeAt(i + 1);\n                string += String.fromCharCode(((c & 31) << 6) | (c2 & 63));\n                i += 2;\n            }\n            else {\n                c2 = utftext.charCodeAt(i + 1);\n                c3 = utftext.charCodeAt(i + 2);\n                string += String.fromCharCode(((c & 15) << 12) | ((c2 & 63) << 6) | (c3 & 63));\n                i += 3;\n            }\n\n        }\n        return string;\n    };\n\n    // public method for encoding\n    base64.encode = function (input) {\n        var output = \"\";\n        var chr1, chr2, chr3, enc1, enc2, enc3, enc4;\n        var i = 0;\n\n        input = _utf8_encode(input);\n\n        while (i < input.length) {\n\n            chr1 = input.charCodeAt(i++);\n            chr2 = input.charCodeAt(i++);\n            chr3 = input.charCodeAt(i++);\n\n            enc1 = chr1 >> 2;\n            enc2 = ((chr1 & 3) << 4) | (chr2 >> 4);\n            enc3 = ((chr2 & 15) << 2) | (chr3 >> 6);\n            enc4 = chr3 & 63;\n\n            if (isNaN(chr2)) {\n                enc3 = enc4 = 64;\n            } else if (isNaN(chr3)) {\n                enc4 = 64;\n            }\n\n            output = output +\n                _keyStr.charAt(enc1) + _keyStr.charAt(enc2) +\n                _keyStr.charAt(enc3) + _keyStr.charAt(enc4);\n\n        }\n\n        return output;\n    };\n\n    // public method for decoding\n    base64.decode = function (input) {\n        var output = \"\";\n        var chr1, chr2, chr3;\n        var enc1, enc2, enc3, enc4;\n        var i = 0;\n\n        input = input.replace(/[^A-Za-z0-9\\+\\/\\=]/g, \"\");\n\n        while (i < input.length) {\n\n            enc1 = _keyStr.indexOf(input.charAt(i++));\n            enc2 = _keyStr.indexOf(input.charAt(i++));\n            enc3 = _keyStr.indexOf(input.charAt(i++));\n            enc4 = _keyStr.indexOf(input.charAt(i++));\n\n            chr1 = (enc1 << 2) | (enc2 >> 4);\n            chr2 = ((enc2 & 15) << 4) | (enc3 >> 2);\n            chr3 = ((enc3 & 3) << 6) | enc4;\n\n            output = output + String.fromCharCode(chr1);\n\n            if (enc3 != 64) {\n                output = output + String.fromCharCode(chr2);\n            }\n            if (enc4 != 64) {\n                output = output + String.fromCharCode(chr3);\n            }\n\n        }\n\n        output = _utf8_decode(output);\n\n        return output;\n\n    };\n\n    // Return our public methods so that they can be accessed\n    return base64;\n\n})();",
          "accessibleByAll": "NotShared"
        }
      }
    ]
  },
  {
    "id": "5fc66e90-277f-412a-8556-79622d9163f9",
    "name": "Check Response Counts",
    "description": "",
    "icon": "http://s3-xmatters-static.s3.amazonaws.com/null/customers/8d580702-986e-4de3-873d-3a75b8073b42/IMAGE__20190509202204028__xmatters.png",
    "script": "var apiRequest = http.request({\n    'endpoint': 'xMatters',\n    'path': '/api/xm/1/events/' + input['eventID'] + '?embed=properties,recipients,responseOptions,annotations,messages&targeted=true',\n    'method': 'GET'\n});\nvar apiResponse = apiRequest.write();\n\noutput['statusCode'] = apiResponse.statusCode;\n\nif (apiResponse.statusCode == 200) {\n    var responseThresholdsMet = 'TRUE';\n    var otherRecipients = 0;\n    var response = JSON.parse(apiResponse.body);\n    output['eventId'] = response.eventId;\n    output['status'] = response.status;\n    output['recipients_total'] = response.recipients.total;\n    output['otherResponseCountThreshold'] = response.otherResponseCountThreshold;\n    output['otherResponseCount'] = response.otherResponseCount;\n\n    if (typeof response.responseOptions !== 'undefined') {\n        var responseOptions_array = [];\n        for (var a in response.responseOptions.data) {\n            responseOptions_array.push(response.responseOptions.data[a]);\n        }\n        output['responseOptions'] = responseOptions_array;\n    }\n\n    if (response.recipients != undefined && response.recipients.total > 0 ){\n        for (target in response.recipients.data){\n            if (response.recipients.data[target].responseCount != undefined ){\n                console.log(response.recipients.data[target].targetName + ' = ' + response.recipients.data[target].responseCount + '/' + response.recipients.data[target].responseCountThreshold);\n                if (response.recipients.data[target].responseCount < response.recipients.data[target].responseCountThreshold){\n                    responseThresholdsMet = 'FALSE';\n                }\n            } else {\n                otherRecipients += 1;\n            }\n        }\n    }\n    if (response.otherResponseCount != undefined && otherRecipients > 0) {\n        console.log('Other Responses = ' + response.otherResponseCount + '/' + response.otherResponseCountThreshold);\n        if (response.otherResponseCount < response.otherResponseCountThreshold) {\n            responseThresholdsMet = 'FALSE';\n        }\n    }   \n\n    output['responseThresholdsMet'] = responseThresholdsMet;\n\n} else {\n    throw 'Invalid response';\n}",
    "endpointLabel": "xMatters",
    "allowedEnvironment": "HOSTED",
    "accessibleByAll": "NotShared",
    "scriptStepType": "USER",
    "inputs": [
      {
        "id": "b149fdeb-dd86-4c8d-a7bf-443a8797ce4e",
        "name": "eventID",
        "helpText": "The unique identifier or event ID of the event. Examples: “24abd4c0-bff3-4381-9f84-678580b24428” “408005”",
        "defaultValue": "",
        "multiline": false,
        "required": true,
        "validationRegex": "",
        "maxLength": 2000,
        "minLength": 0,
        "position": 0
      }
    ],
    "outputs": [
      {
        "id": "4458d64a-b4b3-4e8f-8250-e0699a9eabc8",
        "name": "eventId",
        "description": "",
        "position": 0
      },
      {
        "id": "7696b116-945b-477d-94b9-4275457ec2b9",
        "name": "recipients_total",
        "description": "",
        "position": 1
      },
      {
        "id": "76f81d84-ea4e-48fd-9a2c-1e5183f666ef",
        "name": "responseOptions",
        "description": "",
        "position": 2
      },
      {
        "id": "6b82785b-8326-4ea4-851b-dd240d389b30",
        "name": "statusCode",
        "description": "",
        "position": 3
      },
      {
        "id": "2154042f-b24f-451c-9021-a368882ed46c",
        "name": "responseThresholdsMet",
        "description": "",
        "position": 4
      },
      {
        "id": "5c0e4836-6f3c-480e-b043-1110b5f026a7",
        "name": "status",
        "description": "",
        "position": 5
      }
    ],
    "libraries": []
  },
  {
    "id": "8ede1776-ec4c-454a-810a-80fe66a1a487",
    "name": "Find Users by Email",
    "description": "",
    "icon": "/static/images/icons/find-user.svg",
    "script": "if (input['List of Emails'] !== null && input['List of Emails'] != \"\"){\n    \n    var emailList = input['List of Emails'].trim().split(',');\n    \n    var userIds = '';\n    var targetNames = '';\n    var totalUsers = 0;\n    var noMatches = 'Found All';\n    var noMatchCount = 0;\n    \n    for (var email in emailList) {\n        \n        var getUserRequest = http.request({\n          endpoint: 'xMatters',\n          method: 'GET',\n          path: '/api/xm/1/people?emailAddress=' + emailList[email].trim()\n        });\n        \n        var response = getUserRequest.write();\n        var respBody;\n        var cannotParseMsg = 'Unable to parse response body: ';\n        \n        if (response.statusCode >= 200 && response.statusCode < 300) {\n          try {\n            respBody = JSON.parse(response.body);\n          } catch (e) {\n            throw new Error(cannotParseMsg + response.body);\n          }\n          if (respBody) {\n            if (respBody.count != undefined && respBody.count > 0) {\n                if (email == 0) {\n                    userIds = respBody.data[0].id;\n                    targetNames = respBody.data[0].targetName;\n                } else {\n                    userIds = userIds + ',' + respBody.data[0].id;\n                    targetNames = targetNames + ',' + respBody.data[0].targetName;\n                }\n                totalUsers += 1;\n            } else {\n                if (noMatchCount == 0) {\n                    noMatches = emailList[email];\n                } else {\n                    noMatches = noMatches + ',' + emailList[email];\n                }\n                noMatchCount += 1;\n            }\n          }\n        } else {\n          var error;\n          var parseableRespBody = true;\n          try {\n            respBody = JSON.parse(response.body);\n            error = respBody.message;\n          } catch (e) {\n            parseableRespBody = false;\n            error = cannotParseMsg + response.body;\n          }\n          console.log(\n            'Failed to retrieve a unique user based on the search criteria. '\n            + (parseableRespBody ? 'xMatters API returned ' : '')\n            + '[' + response.statusCode + '] '\n            + (parseableRespBody ? 'and the following message: ' : '')\n            + error\n          );\n        }\n    }\n    \n    output['User IDs'] = userIds;\n    output['User Target Names'] = targetNames;\n    output['Total User Count'] = totalUsers;\n    output['No Matching User'] = noMatches;\n\n} else {\n    output['User IDs'] = \"\";\n    output['User Target Names'] = \"\";\n    output['Total User Count'] = 0;\n    output['No Matching User'] = \"\";\n}\n  ",
    "endpointAuthType": "XMATTERS",
    "endpointLabel": "xMatters",
    "allowedEnvironment": "HOSTED",
    "accessibleByAll": "NotShared",
    "scriptStepType": "USER",
    "inputs": [
      {
        "id": "91a62d73-7cc7-479e-b792-dc8f4f55bee2",
        "name": "List of Emails",
        "helpText": "Comma separated list of email addresses",
        "defaultValue": "",
        "multiline": false,
        "required": false,
        "validationRegex": "",
        "maxLength": 20000,
        "minLength": 0,
        "position": 0
      }
    ],
    "outputs": [
      {
        "id": "cd55f66d-98ba-4e7a-95f9-da4328c5dc1e",
        "name": "User IDs",
        "description": "ID of the first xMatters user that matches the search criteria.",
        "position": 0
      },
      {
        "id": "83add3ff-5b2e-48eb-84d6-d7d76ac24134",
        "name": "User Target Names",
        "description": "Target name of the first xMatters user that matches the search criteria.",
        "position": 1
      },
      {
        "id": "d28fb8d5-a706-4e3e-9226-7d4263c1eb7d",
        "name": "Total User Count",
        "description": "Total number of matching users found.",
        "position": 2
      },
      {
        "id": "e0dd370a-3e57-41cb-a13e-02f4ab535c39",
        "name": "No Matching User",
        "description": "",
        "position": 3
      }
    ],
    "libraries": []
  }
]