{
  "name": "Build Task",
  "form": "e5ff2e91-f8ec-4aa4-bd1f-1c5d4115e787",
  "blocks": [
    {
      "id": "92874588-3699-4b63-adc3-9692940547b4",
      "endpoint": "Azure DevOps",
      "label": "Azure DevOPs - Build Task Completed",
      "environment": "HOSTED",
      "presentation": "{\"w\":60,\"x\":488,\"h\":60,\"y\":1264}",
      "step": "56b876b2-ffe5-498b-958c-552601cf50c1",
      "stepType": "SCRIPT_STEP",
      "inputMappings": [
        {
          "inputPort": "input",
          "mapping": "${event.properties.Organization}",
          "stepInput": "9f630138-4ab4-46be-b840-bdeb31459837"
        },
        {
          "inputPort": "input",
          "mapping": "${event.properties.Project ID}",
          "stepInput": "c6d06d36-e6a4-4058-8179-c260e8cdb056"
        },
        {
          "inputPort": "input",
          "mapping": "${event.properties.Plan ID}",
          "stepInput": "8b6cf984-6c72-4b93-af91-291f2f699cc8"
        },
        {
          "inputPort": "input",
          "mapping": "${event.properties.Job ID}",
          "stepInput": "93c67719-3c89-42ee-a03c-c1feb9be0ce2"
        },
        {
          "inputPort": "input",
          "mapping": "${event.properties.Task ID}",
          "stepInput": "d5d775d4-a30e-49d2-9a17-725599b001e0"
        },
        {
          "inputPort": "input",
          "mapping": "${event.properties.Callback Auth Token}",
          "stepInput": "5f0eb2fd-740e-49b8-b504-1172d1d176f2"
        },
        {
          "inputPort": "input",
          "mapping": "succeeded",
          "stepInput": "724c060e-de07-40db-9db4-edcf38dee8cd"
        }
      ]
    },
    {
      "id": "9d8f4af3-a2e5-44ee-84c0-319c6ce2ea8f",
      "endpoint": "Azure DevOps",
      "label": "Azure DevOPs - Build Task Completed",
      "environment": "HOSTED",
      "presentation": "{\"w\":60,\"x\":859,\"h\":60,\"y\":408}",
      "step": "56b876b2-ffe5-498b-958c-552601cf50c1",
      "stepType": "SCRIPT_STEP",
      "inputMappings": [
        {
          "inputPort": "input",
          "mapping": "${48e723b4-61f3-45e2-96d0-176c494eef6e.organization}",
          "stepInput": "9f630138-4ab4-46be-b840-bdeb31459837"
        },
        {
          "inputPort": "input",
          "mapping": "${48e723b4-61f3-45e2-96d0-176c494eef6e.projectID}",
          "stepInput": "c6d06d36-e6a4-4058-8179-c260e8cdb056"
        },
        {
          "inputPort": "input",
          "mapping": "${48e723b4-61f3-45e2-96d0-176c494eef6e.planID}",
          "stepInput": "8b6cf984-6c72-4b93-af91-291f2f699cc8"
        },
        {
          "inputPort": "input",
          "mapping": "${48e723b4-61f3-45e2-96d0-176c494eef6e.jobID}",
          "stepInput": "93c67719-3c89-42ee-a03c-c1feb9be0ce2"
        },
        {
          "inputPort": "input",
          "mapping": "${48e723b4-61f3-45e2-96d0-176c494eef6e.taskID}",
          "stepInput": "d5d775d4-a30e-49d2-9a17-725599b001e0"
        },
        {
          "inputPort": "input",
          "mapping": "${48e723b4-61f3-45e2-96d0-176c494eef6e.callbackAuthToken}",
          "stepInput": "5f0eb2fd-740e-49b8-b504-1172d1d176f2"
        },
        {
          "inputPort": "input",
          "mapping": "succeeded",
          "stepInput": "724c060e-de07-40db-9db4-edcf38dee8cd"
        }
      ]
    },
    {
      "id": "524b6043-6c94-423f-9879-4a391a506383",
      "endpoint": "Azure DevOps",
      "label": "Azure DevOPs - Build Task Completed",
      "environment": "HOSTED",
      "presentation": "{\"w\":60,\"x\":488,\"h\":60,\"y\":1420}",
      "step": "56b876b2-ffe5-498b-958c-552601cf50c1",
      "stepType": "SCRIPT_STEP",
      "inputMappings": [
        {
          "inputPort": "input",
          "mapping": "${event.properties.Organization}",
          "stepInput": "9f630138-4ab4-46be-b840-bdeb31459837"
        },
        {
          "inputPort": "input",
          "mapping": "${event.properties.Project ID}",
          "stepInput": "c6d06d36-e6a4-4058-8179-c260e8cdb056"
        },
        {
          "inputPort": "input",
          "mapping": "${event.properties.Plan ID}",
          "stepInput": "8b6cf984-6c72-4b93-af91-291f2f699cc8"
        },
        {
          "inputPort": "input",
          "mapping": "${event.properties.Job ID}",
          "stepInput": "93c67719-3c89-42ee-a03c-c1feb9be0ce2"
        },
        {
          "inputPort": "input",
          "mapping": "${event.properties.Task ID}",
          "stepInput": "d5d775d4-a30e-49d2-9a17-725599b001e0"
        },
        {
          "inputPort": "input",
          "mapping": "${event.properties.Callback Auth Token}",
          "stepInput": "5f0eb2fd-740e-49b8-b504-1172d1d176f2"
        },
        {
          "inputPort": "input",
          "mapping": "failed",
          "stepInput": "724c060e-de07-40db-9db4-edcf38dee8cd"
        }
      ]
    },
    {
      "id": "267c8778-8a71-40bd-b621-61d5425e3ee0",
      "endpoint": "Azure DevOps",
      "label": "Azure DevOps - Build Task Started",
      "environment": "HOSTED",
      "presentation": "{\"w\":60,\"x\":340,\"h\":60,\"y\":258}",
      "step": "de95ca83-049f-4298-b939-56b0e4742114",
      "stepType": "SCRIPT_STEP",
      "inputMappings": [
        {
          "inputPort": "input",
          "mapping": "${48e723b4-61f3-45e2-96d0-176c494eef6e.organization}",
          "stepInput": "18151315-27dc-4c22-8981-a6ee55737c3d"
        },
        {
          "inputPort": "input",
          "mapping": "${48e723b4-61f3-45e2-96d0-176c494eef6e.projectID}",
          "stepInput": "9b784956-628b-4672-9322-c94f5cda10fd"
        },
        {
          "inputPort": "input",
          "mapping": "${48e723b4-61f3-45e2-96d0-176c494eef6e.planID}",
          "stepInput": "a0377978-5fb0-4b4a-987f-350542c8e655"
        },
        {
          "inputPort": "input",
          "mapping": "${48e723b4-61f3-45e2-96d0-176c494eef6e.jobID}",
          "stepInput": "3638c65e-1c69-40fd-a258-592faa2fa485"
        },
        {
          "inputPort": "input",
          "mapping": "${48e723b4-61f3-45e2-96d0-176c494eef6e.taskID}",
          "stepInput": "e547f60f-84df-49f5-b05f-fb72348eaf95"
        },
        {
          "inputPort": "input",
          "mapping": "${48e723b4-61f3-45e2-96d0-176c494eef6e.callbackAuthToken}",
          "stepInput": "946861f6-4435-4af7-a326-c4c44e01bb6d"
        }
      ]
    },
    {
      "id": "48e723b4-61f3-45e2-96d0-176c494eef6e",
      "label": "Build Task - Azure DevOps - Build Task 2",
      "environment": "HOSTED",
      "presentation": "{\"w\":60,\"x\":160,\"h\":60,\"y\":258}",
      "step": "aa352de0-469e-4811-a937-46f668b27723",
      "stepType": "INTEGRATION"
    },
    {
      "id": "c9e55949-dd06-4970-ba1b-a01ebb0388e6",
      "label": "Continue Build",
      "environment": "HOSTED",
      "presentation": "{}",
      "step": "afdde31a-e1a5-4329-bdf6-7c2db5421585",
      "stepType": "INTEGRATION"
    },
    {
      "id": "3273a59e-1ec2-4587-961e-dd882c7936a0",
      "label": "Responses",
      "environment": "HOSTED",
      "presentation": "{\"w\":100,\"x\":308,\"h\":50,\"y\":1108}",
      "stepType": "RESPONSES"
    },
    {
      "id": "599a8738-9cc5-4609-ab2f-cd9152115041",
      "label": "Stop Build",
      "environment": "HOSTED",
      "presentation": "{}",
      "step": "3db4556a-3b49-4ca7-ae6d-7f5228d7dba8",
      "stepType": "INTEGRATION"
    },
    {
      "id": "c5e562a2-5e54-4ab0-83e5-c5458ea81caf",
      "label": "Switch",
      "environment": "HOSTED",
      "presentation": "{\"w\":60,\"x\":547,\"h\":60,\"y\":273}",
      "stepType": "SWITCH",
      "inputMappings": [
        {
          "inputPort": "input",
          "mapping": "${48e723b4-61f3-45e2-96d0-176c494eef6e.reason}"
        }
      ],
      "switchCases": [
        {
          "caseId": "bf0d0853-ec08-4e60-8f71-d8948472d1e7",
          "caseValue": "IndividualCI"
        },
        {
          "caseId": "913a10f5-34be-4afd-9f1f-f15e337809fe",
          "caseValue": "PullRequest"
        },
        {
          "caseId": "3f0ba712-a048-4513-b05b-4b6ac8365a59",
          "caseValue": "Manual"
        }
      ]
    },
    {
      "id": "55f0ff01-6e1f-44ed-b165-18ff96a86af0",
      "label": "Terminate Events",
      "environment": "HOSTED",
      "presentation": "{\"w\":60,\"x\":702,\"h\":60,\"y\":1339}",
      "step": "798e3053-b4b4-5e8c-ba84-8a11c3be6237",
      "stepType": "SCRIPT_STEP",
      "inputMappings": [
        {
          "inputPort": "input",
          "mapping": "${event.id}",
          "stepInput": "4fdf2591-4925-5682-8911-f0163d7f98dd"
        }
      ]
    },
    {
      "id": "d6bebfd3-1dda-43b1-8c55-050c3be0df83",
      "label": "xMatters Create Event - Build Task",
      "environment": "HOSTED",
      "presentation": "{\"w\":60,\"x\":865,\"h\":60,\"y\":628}",
      "step": "e5ff2e91-f8ec-4aa4-bd1f-1c5d4115e787",
      "stepType": "CREATE_EVENT",
      "inputMappings": [
        {
          "inputPort": "input",
          "mapping": "${48e723b4-61f3-45e2-96d0-176c494eef6e.projectID}",
          "sectionItemKey": "f22153c0-ed8e-405b-8c3f-73b1e20c76ca"
        },
        {
          "inputPort": "input",
          "mapping": "${48e723b4-61f3-45e2-96d0-176c494eef6e.buildNumber}",
          "sectionItemKey": "d996b48c-38a9-4055-829f-a35efec45d47"
        },
        {
          "inputPort": "input",
          "mapping": "${48e723b4-61f3-45e2-96d0-176c494eef6e.taskID}",
          "sectionItemKey": "56feb23a-9426-4878-9793-24c7ef6902d3"
        },
        {
          "inputPort": "input",
          "mapping": "${48e723b4-61f3-45e2-96d0-176c494eef6e.callbackAuthToken}",
          "sectionItemKey": "767f814a-afb5-47d6-a03b-a3e0bcd548e9"
        },
        {
          "inputPort": "input",
          "mapping": "${48e723b4-61f3-45e2-96d0-176c494eef6e.recipients}",
          "sectionItemKey": "recipients"
        },
        {
          "inputPort": "input",
          "mapping": "${48e723b4-61f3-45e2-96d0-176c494eef6e.messageSubject}",
          "sectionItemKey": "ed55e999-ab21-42da-998c-5fac39127b84"
        },
        {
          "inputPort": "input",
          "mapping": "${48e723b4-61f3-45e2-96d0-176c494eef6e.planID}",
          "sectionItemKey": "820c4d17-a717-457e-9184-d01900071d64"
        },
        {
          "inputPort": "input",
          "mapping": "${48e723b4-61f3-45e2-96d0-176c494eef6e.projectName}",
          "sectionItemKey": "a4305230-7b03-4369-bf4f-68efdfd39429"
        },
        {
          "inputPort": "input",
          "mapping": "${48e723b4-61f3-45e2-96d0-176c494eef6e.queuedBy}",
          "sectionItemKey": "323a646b-16bb-489e-81ca-05a3f1ca42fc"
        },
        {
          "inputPort": "input",
          "mapping": "${48e723b4-61f3-45e2-96d0-176c494eef6e.reason}",
          "sectionItemKey": "2605f51b-a294-4ef0-afa4-29067efa7782"
        },
        {
          "inputPort": "input",
          "mapping": "${48e723b4-61f3-45e2-96d0-176c494eef6e.jobID}",
          "sectionItemKey": "0df69fcf-e89d-41b8-82cd-3c626652cec0"
        },
        {
          "inputPort": "input",
          "mapping": "${48e723b4-61f3-45e2-96d0-176c494eef6e.message}",
          "sectionItemKey": "8378b0cd-82c1-48b7-b963-d18e1da8fa45"
        },
        {
          "inputPort": "input",
          "mapping": "${48e723b4-61f3-45e2-96d0-176c494eef6e.repoName}",
          "sectionItemKey": "110c2ca8-14cd-4cb5-a636-7220b90b6821"
        },
        {
          "inputPort": "input",
          "mapping": "${48e723b4-61f3-45e2-96d0-176c494eef6e.commitMessage}",
          "sectionItemKey": "ab64a983-f3fe-447a-8e4b-acf9a4a48af9"
        },
        {
          "inputPort": "input",
          "mapping": "${48e723b4-61f3-45e2-96d0-176c494eef6e.branch}",
          "sectionItemKey": "69b1d7ba-d0a4-4e81-8e32-3549cb56daf3"
        },
        {
          "inputPort": "input",
          "mapping": "${48e723b4-61f3-45e2-96d0-176c494eef6e.buildID}",
          "sectionItemKey": "0f767b5c-e24c-4fa9-8316-4da8bdcd60c5"
        },
        {
          "inputPort": "input",
          "mapping": "${48e723b4-61f3-45e2-96d0-176c494eef6e.commit}",
          "sectionItemKey": "be1500c8-7f8e-4a52-b861-3d4a095c362e"
        },
        {
          "inputPort": "input",
          "mapping": "${48e723b4-61f3-45e2-96d0-176c494eef6e.pipelineName}",
          "sectionItemKey": "3f0c7dd6-e711-44f8-88bb-5de791de5765"
        },
        {
          "inputPort": "input",
          "mapping": "${48e723b4-61f3-45e2-96d0-176c494eef6e.organization}",
          "sectionItemKey": "e24b0792-a24c-4d9e-add8-f157544e18e3"
        }
      ]
    }
  ],
  "edges": [
    {
      "fromBlock": "92874588-3699-4b63-adc3-9692940547b4",
      "fromPort": "output",
      "toBlock": "55f0ff01-6e1f-44ed-b165-18ff96a86af0",
      "toPort": "input"
    },
    {
      "fromBlock": "c5e562a2-5e54-4ab0-83e5-c5458ea81caf",
      "fromPort": "bf0d0853-ec08-4e60-8f71-d8948472d1e7",
      "toBlock": "9d8f4af3-a2e5-44ee-84c0-319c6ce2ea8f",
      "toPort": "input"
    },
    {
      "fromBlock": "c5e562a2-5e54-4ab0-83e5-c5458ea81caf",
      "fromPort": "3f0ba712-a048-4513-b05b-4b6ac8365a59",
      "toBlock": "d6bebfd3-1dda-43b1-8c55-050c3be0df83",
      "toPort": "input"
    },
    {
      "fromBlock": "c5e562a2-5e54-4ab0-83e5-c5458ea81caf",
      "fromPort": "913a10f5-34be-4afd-9f1f-f15e337809fe",
      "toBlock": "d6bebfd3-1dda-43b1-8c55-050c3be0df83",
      "toPort": "input"
    },
    {
      "fromBlock": "c9e55949-dd06-4970-ba1b-a01ebb0388e6",
      "fromPort": "output",
      "toBlock": "92874588-3699-4b63-adc3-9692940547b4",
      "toPort": "input"
    },
    {
      "fromBlock": "267c8778-8a71-40bd-b621-61d5425e3ee0",
      "fromPort": "output",
      "toBlock": "c5e562a2-5e54-4ab0-83e5-c5458ea81caf",
      "toPort": "input"
    },
    {
      "fromBlock": "48e723b4-61f3-45e2-96d0-176c494eef6e",
      "fromPort": "output",
      "toBlock": "267c8778-8a71-40bd-b621-61d5425e3ee0",
      "toPort": "input"
    },
    {
      "fromBlock": "524b6043-6c94-423f-9879-4a391a506383",
      "fromPort": "output",
      "toBlock": "55f0ff01-6e1f-44ed-b165-18ff96a86af0",
      "toPort": "input"
    },
    {
      "fromBlock": "599a8738-9cc5-4609-ab2f-cd9152115041",
      "fromPort": "output",
      "toBlock": "524b6043-6c94-423f-9879-4a391a506383",
      "toPort": "input"
    }
  ]
}