{
  "name": "Build Task",
  "description": "",
  "form": "964ad030-af11-4b51-a819-23204693eb23",
  "blocks": [
    {
      "id": "b1d64e22-a4f3-48f1-bc83-0252c334c571",
      "endpoint": "Azure DevOps",
      "label": "Azure DevOPs - Build Task Completed",
      "environment": "HOSTED",
      "presentation": "{\"w\":60,\"x\":859,\"h\":60,\"y\":408}",
      "step": "56b876b2-ffe5-498b-958c-552601cf50c1",
      "stepType": "SCRIPT_STEP",
      "inputMappings": [
        {
          "inputPort": "input",
          "mapping": "${6ccc55de-ff04-42f2-9dbe-1c93286a03ff.organization}",
          "stepInput": "9f630138-4ab4-46be-b840-bdeb31459837"
        },
        {
          "inputPort": "input",
          "mapping": "${6ccc55de-ff04-42f2-9dbe-1c93286a03ff.projectID}",
          "stepInput": "c6d06d36-e6a4-4058-8179-c260e8cdb056"
        },
        {
          "inputPort": "input",
          "mapping": "${6ccc55de-ff04-42f2-9dbe-1c93286a03ff.planID}",
          "stepInput": "8b6cf984-6c72-4b93-af91-291f2f699cc8"
        },
        {
          "inputPort": "input",
          "mapping": "${6ccc55de-ff04-42f2-9dbe-1c93286a03ff.jobID}",
          "stepInput": "93c67719-3c89-42ee-a03c-c1feb9be0ce2"
        },
        {
          "inputPort": "input",
          "mapping": "${6ccc55de-ff04-42f2-9dbe-1c93286a03ff.taskID}",
          "stepInput": "d5d775d4-a30e-49d2-9a17-725599b001e0"
        },
        {
          "inputPort": "input",
          "mapping": "${6ccc55de-ff04-42f2-9dbe-1c93286a03ff.callbackAuthToken}",
          "stepInput": "5f0eb2fd-740e-49b8-b504-1172d1d176f2"
        },
        {
          "inputPort": "input",
          "mapping": "succeeded",
          "stepInput": "724c060e-de07-40db-9db4-edcf38dee8cd"
        }
      ]
    },
    {
      "id": "334992e8-5298-4a7f-8fe8-96ea0b0ed032",
      "endpoint": "Azure DevOps",
      "label": "Azure DevOPs - Build Task Completed",
      "environment": "HOSTED",
      "presentation": "{\"w\":60,\"x\":488,\"h\":60,\"y\":1264}",
      "step": "56b876b2-ffe5-498b-958c-552601cf50c1",
      "stepType": "SCRIPT_STEP",
      "inputMappings": [
        {
          "inputPort": "input",
          "mapping": "${event.properties.Organization}",
          "stepInput": "9f630138-4ab4-46be-b840-bdeb31459837"
        },
        {
          "inputPort": "input",
          "mapping": "${event.properties.Project ID}",
          "stepInput": "c6d06d36-e6a4-4058-8179-c260e8cdb056"
        },
        {
          "inputPort": "input",
          "mapping": "${event.properties.Plan ID}",
          "stepInput": "8b6cf984-6c72-4b93-af91-291f2f699cc8"
        },
        {
          "inputPort": "input",
          "mapping": "${event.properties.Job ID}",
          "stepInput": "93c67719-3c89-42ee-a03c-c1feb9be0ce2"
        },
        {
          "inputPort": "input",
          "mapping": "${event.properties.Task ID}",
          "stepInput": "d5d775d4-a30e-49d2-9a17-725599b001e0"
        },
        {
          "inputPort": "input",
          "mapping": "${event.properties.Callback Auth Token}",
          "stepInput": "5f0eb2fd-740e-49b8-b504-1172d1d176f2"
        },
        {
          "inputPort": "input",
          "mapping": "succeeded",
          "stepInput": "724c060e-de07-40db-9db4-edcf38dee8cd"
        }
      ]
    },
    {
      "id": "5e946212-4809-42bd-ba17-646924947b7b",
      "endpoint": "Azure DevOps",
      "label": "Azure DevOPs - Build Task Completed",
      "environment": "HOSTED",
      "presentation": "{\"w\":60,\"x\":488,\"h\":60,\"y\":1420}",
      "step": "56b876b2-ffe5-498b-958c-552601cf50c1",
      "stepType": "SCRIPT_STEP",
      "inputMappings": [
        {
          "inputPort": "input",
          "mapping": "${event.properties.Organization}",
          "stepInput": "9f630138-4ab4-46be-b840-bdeb31459837"
        },
        {
          "inputPort": "input",
          "mapping": "${event.properties.Project ID}",
          "stepInput": "c6d06d36-e6a4-4058-8179-c260e8cdb056"
        },
        {
          "inputPort": "input",
          "mapping": "${event.properties.Plan ID}",
          "stepInput": "8b6cf984-6c72-4b93-af91-291f2f699cc8"
        },
        {
          "inputPort": "input",
          "mapping": "${event.properties.Job ID}",
          "stepInput": "93c67719-3c89-42ee-a03c-c1feb9be0ce2"
        },
        {
          "inputPort": "input",
          "mapping": "${event.properties.Task ID}",
          "stepInput": "d5d775d4-a30e-49d2-9a17-725599b001e0"
        },
        {
          "inputPort": "input",
          "mapping": "${event.properties.Callback Auth Token}",
          "stepInput": "5f0eb2fd-740e-49b8-b504-1172d1d176f2"
        },
        {
          "inputPort": "input",
          "mapping": "failed",
          "stepInput": "724c060e-de07-40db-9db4-edcf38dee8cd"
        }
      ]
    },
    {
      "id": "f38f6fd2-ca2e-4421-91e3-37418e595026",
      "endpoint": "Azure DevOps",
      "label": "Azure DevOps - Build Task Started",
      "environment": "HOSTED",
      "presentation": "{\"w\":60,\"x\":340,\"h\":60,\"y\":258}",
      "step": "de95ca83-049f-4298-b939-56b0e4742114",
      "stepType": "SCRIPT_STEP",
      "inputMappings": [
        {
          "inputPort": "input",
          "mapping": "${6ccc55de-ff04-42f2-9dbe-1c93286a03ff.organization}",
          "stepInput": "18151315-27dc-4c22-8981-a6ee55737c3d"
        },
        {
          "inputPort": "input",
          "mapping": "${6ccc55de-ff04-42f2-9dbe-1c93286a03ff.projectID}",
          "stepInput": "9b784956-628b-4672-9322-c94f5cda10fd"
        },
        {
          "inputPort": "input",
          "mapping": "${6ccc55de-ff04-42f2-9dbe-1c93286a03ff.planID}",
          "stepInput": "a0377978-5fb0-4b4a-987f-350542c8e655"
        },
        {
          "inputPort": "input",
          "mapping": "${6ccc55de-ff04-42f2-9dbe-1c93286a03ff.jobID}",
          "stepInput": "3638c65e-1c69-40fd-a258-592faa2fa485"
        },
        {
          "inputPort": "input",
          "mapping": "${6ccc55de-ff04-42f2-9dbe-1c93286a03ff.taskID}",
          "stepInput": "e547f60f-84df-49f5-b05f-fb72348eaf95"
        },
        {
          "inputPort": "input",
          "mapping": "${6ccc55de-ff04-42f2-9dbe-1c93286a03ff.callbackAuthToken}",
          "stepInput": "946861f6-4435-4af7-a326-c4c44e01bb6d"
        }
      ]
    },
    {
      "id": "6ccc55de-ff04-42f2-9dbe-1c93286a03ff",
      "label": "Build Task - Azure DevOps - Build Task 2",
      "environment": "HOSTED",
      "presentation": "{\"w\":60,\"x\":160,\"h\":60,\"y\":258}",
      "step": "931d73ae-cd87-40f7-8dc0-c51d77a6199d",
      "stepType": "INTEGRATION"
    },
    {
      "id": "19e43033-8b78-493c-b674-c54d08951b1c",
      "label": "Continue Build",
      "environment": "HOSTED",
      "presentation": "{}",
      "step": "e8addfb8-0a76-4017-919c-81f707bd3736",
      "stepType": "INTEGRATION"
    },
    {
      "id": "de469d4d-a1da-4376-9ba4-5483ecd8892b",
      "label": "Responses",
      "environment": "HOSTED",
      "presentation": "{\"w\":100,\"x\":308,\"h\":50,\"y\":1108}",
      "stepType": "RESPONSES"
    },
    {
      "id": "bef5bf7a-cac1-48ac-9882-a1205bfd1ddf",
      "label": "Stop Build",
      "environment": "HOSTED",
      "presentation": "{}",
      "step": "5b081a99-bebe-4d9b-a75a-980bed27429f",
      "stepType": "INTEGRATION"
    },
    {
      "id": "dec1663c-3a67-41b9-9929-5d4d665617c8",
      "label": "Switch",
      "environment": "HOSTED",
      "presentation": "{\"w\":60,\"x\":547,\"h\":60,\"y\":273}",
      "stepType": "SWITCH",
      "inputMappings": [
        {
          "inputPort": "input",
          "mapping": "${6ccc55de-ff04-42f2-9dbe-1c93286a03ff.reason}"
        }
      ],
      "switchCases": [
        {
          "caseId": "895cefdf-d6c4-4043-b949-7c60b52acf4a",
          "caseValue": "IndividualCI"
        },
        {
          "caseId": "373c3104-1d0a-498a-b2d0-a29cb71efa38",
          "caseValue": "PullRequest"
        },
        {
          "caseId": "9d25a142-245b-4084-b142-4b801631ec9e",
          "caseValue": "Manual"
        }
      ]
    },
    {
      "id": "73d7353a-339b-4b82-be1c-bbcac7ea1385",
      "label": "Terminate Events",
      "environment": "HOSTED",
      "presentation": "{\"w\":60,\"x\":702,\"h\":60,\"y\":1339}",
      "step": "798e3053-b4b4-5e8c-ba84-8a11c3be6237",
      "stepType": "SCRIPT_STEP",
      "inputMappings": [
        {
          "inputPort": "input",
          "mapping": "${event.id}",
          "stepInput": "4fdf2591-4925-5682-8911-f0163d7f98dd"
        }
      ]
    },
    {
      "id": "37005434-8ecf-4ef5-8278-414736d56cd7",
      "label": "xMatters Create Event - Build Task",
      "environment": "HOSTED",
      "presentation": "{\"w\":60,\"x\":865,\"h\":60,\"y\":628}",
      "step": "964ad030-af11-4b51-a819-23204693eb23",
      "stepType": "CREATE_EVENT",
      "inputMappings": [
        {
          "inputPort": "input",
          "mapping": "${6ccc55de-ff04-42f2-9dbe-1c93286a03ff.queuedBy}",
          "sectionItemKey": "70e2dada-8f56-45de-a5df-142256355c50"
        },
        {
          "inputPort": "input",
          "mapping": "${6ccc55de-ff04-42f2-9dbe-1c93286a03ff.reason}",
          "sectionItemKey": "a856c861-7a9b-4e45-9115-b64257c5345e"
        },
        {
          "inputPort": "input",
          "mapping": "${6ccc55de-ff04-42f2-9dbe-1c93286a03ff.organization}",
          "sectionItemKey": "ae9cff19-66ad-40a1-a378-1c70fdd6d69a"
        },
        {
          "inputPort": "input",
          "mapping": "${6ccc55de-ff04-42f2-9dbe-1c93286a03ff.taskID}",
          "sectionItemKey": "27625c87-f7bf-4bdc-bb77-498dd8dd94c5"
        },
        {
          "inputPort": "input",
          "mapping": "${6ccc55de-ff04-42f2-9dbe-1c93286a03ff.jobID}",
          "sectionItemKey": "c4ddbddf-d5f5-4e36-8fa0-a88f9ad84474"
        },
        {
          "inputPort": "input",
          "mapping": "${6ccc55de-ff04-42f2-9dbe-1c93286a03ff.buildNumber}",
          "sectionItemKey": "b3b8fc12-b9c1-439c-b984-a87b6b62e7d5"
        },
        {
          "inputPort": "input",
          "mapping": "${6ccc55de-ff04-42f2-9dbe-1c93286a03ff.buildID}",
          "sectionItemKey": "87399067-0fb6-40cd-93a6-c841fbed5717"
        },
        {
          "inputPort": "input",
          "mapping": "${6ccc55de-ff04-42f2-9dbe-1c93286a03ff.callbackAuthToken}",
          "sectionItemKey": "da05faeb-e5ac-4e23-8db0-1fbbf47c0d69"
        },
        {
          "inputPort": "input",
          "mapping": "${6ccc55de-ff04-42f2-9dbe-1c93286a03ff.commit}",
          "sectionItemKey": "ba6d1dfc-8bb8-4c6b-ad8b-1c8d8185c790"
        },
        {
          "inputPort": "input",
          "mapping": "${6ccc55de-ff04-42f2-9dbe-1c93286a03ff.branch}",
          "sectionItemKey": "3801678c-d0b9-474b-a707-830456f53a6b"
        },
        {
          "inputPort": "input",
          "mapping": "${6ccc55de-ff04-42f2-9dbe-1c93286a03ff.planID}",
          "sectionItemKey": "00d1e656-5135-4f2d-8aba-e26e4d4d0c58"
        },
        {
          "inputPort": "input",
          "mapping": "${6ccc55de-ff04-42f2-9dbe-1c93286a03ff.pipelineName}",
          "sectionItemKey": "7822fd31-603b-485f-9b34-c50f49a37ac2"
        },
        {
          "inputPort": "input",
          "mapping": "${6ccc55de-ff04-42f2-9dbe-1c93286a03ff.repoName}",
          "sectionItemKey": "7b9c8454-fb14-4847-a01d-d5e6263fd6e5"
        },
        {
          "inputPort": "input",
          "mapping": "${6ccc55de-ff04-42f2-9dbe-1c93286a03ff.commitMessage}",
          "sectionItemKey": "880c6eff-6cd9-476a-92b9-2d4a62286f21"
        },
        {
          "inputPort": "input",
          "mapping": "${6ccc55de-ff04-42f2-9dbe-1c93286a03ff.projectID}",
          "sectionItemKey": "12b00f0c-77b7-44db-b367-68e7b89bf2b4"
        },
        {
          "inputPort": "input",
          "mapping": "${6ccc55de-ff04-42f2-9dbe-1c93286a03ff.recipients}",
          "sectionItemKey": "recipients"
        },
        {
          "inputPort": "input",
          "mapping": "${6ccc55de-ff04-42f2-9dbe-1c93286a03ff.projectName}",
          "sectionItemKey": "f64415e9-4df3-4dcc-b34b-274b8629d8a7"
        },
        {
          "inputPort": "input",
          "mapping": "${6ccc55de-ff04-42f2-9dbe-1c93286a03ff.message}",
          "sectionItemKey": "aa6d9f95-177c-42b1-ad4e-dbf71d74bf52"
        },
        {
          "inputPort": "input",
          "mapping": "${6ccc55de-ff04-42f2-9dbe-1c93286a03ff.messageSubject}",
          "sectionItemKey": "7cb2db1d-edb9-4a45-a667-821f461c5f32"
        }
      ]
    }
  ],
  "edges": [
    {
      "fromBlock": "bef5bf7a-cac1-48ac-9882-a1205bfd1ddf",
      "fromPort": "output",
      "toBlock": "5e946212-4809-42bd-ba17-646924947b7b",
      "toPort": "input"
    },
    {
      "fromBlock": "dec1663c-3a67-41b9-9929-5d4d665617c8",
      "fromPort": "895cefdf-d6c4-4043-b949-7c60b52acf4a",
      "toBlock": "b1d64e22-a4f3-48f1-bc83-0252c334c571",
      "toPort": "input"
    },
    {
      "fromBlock": "dec1663c-3a67-41b9-9929-5d4d665617c8",
      "fromPort": "373c3104-1d0a-498a-b2d0-a29cb71efa38",
      "toBlock": "37005434-8ecf-4ef5-8278-414736d56cd7",
      "toPort": "input"
    },
    {
      "fromBlock": "dec1663c-3a67-41b9-9929-5d4d665617c8",
      "fromPort": "9d25a142-245b-4084-b142-4b801631ec9e",
      "toBlock": "37005434-8ecf-4ef5-8278-414736d56cd7",
      "toPort": "input"
    },
    {
      "fromBlock": "f38f6fd2-ca2e-4421-91e3-37418e595026",
      "fromPort": "output",
      "toBlock": "dec1663c-3a67-41b9-9929-5d4d665617c8",
      "toPort": "input"
    },
    {
      "fromBlock": "19e43033-8b78-493c-b674-c54d08951b1c",
      "fromPort": "output",
      "toBlock": "334992e8-5298-4a7f-8fe8-96ea0b0ed032",
      "toPort": "input"
    },
    {
      "fromBlock": "334992e8-5298-4a7f-8fe8-96ea0b0ed032",
      "fromPort": "output",
      "toBlock": "73d7353a-339b-4b82-be1c-bbcac7ea1385",
      "toPort": "input"
    },
    {
      "fromBlock": "5e946212-4809-42bd-ba17-646924947b7b",
      "fromPort": "output",
      "toBlock": "73d7353a-339b-4b82-be1c-bbcac7ea1385",
      "toPort": "input"
    },
    {
      "fromBlock": "6ccc55de-ff04-42f2-9dbe-1c93286a03ff",
      "fromPort": "output",
      "toBlock": "f38f6fd2-ca2e-4421-91e3-37418e595026",
      "toPort": "input"
    }
  ]
}