{
  "name": "Queue Build",
  "description": "",
  "form": "2d94b170-bd6c-4d6e-bf13-8c5b30f18cf8",
  "blocks": [
    {
      "id": "f5699430-9210-4ae2-bfa1-b9476a49341d",
      "endpoint": "Azure DevOps",
      "label": "Azure DevOps - Queue Build",
      "environment": "HOSTED",
      "presentation": "{\"w\":60,\"x\":-14,\"h\":60,\"y\":19}",
      "step": "c952cb57-06d9-4c11-8190-19855cc5b472",
      "stepType": "SCRIPT_STEP",
      "inputMappings": [
        {
          "inputPort": "input",
          "mapping": "xmemaxwell",
          "stepInput": "54e3382c-7675-489a-a84a-40bb7534295d"
        },
        {
          "inputPort": "input",
          "mapping": "Workflow Example",
          "stepInput": "81179a97-1601-4b7a-958f-4c5591075c94"
        },
        {
          "inputPort": "input",
          "mapping": "xm-emaxwell.workflowexample",
          "stepInput": "9bc7b9f8-9c26-4432-8760-98ca64498aca"
        }
      ]
    },
    {
      "id": "fd289292-6209-4a8a-885c-fead52deeabc",
      "label": "Queue Build - Event Status Updates",
      "environment": "HOSTED",
      "presentation": "{\"w\":60,\"x\":-372,\"h\":60,\"y\":-131}",
      "step": "9bae6e71-fcfd-4914-823d-299230d851dc",
      "stepType": "INTEGRATION"
    },
    {
      "id": "a90c4333-e22c-452f-80fd-9ef38b92c812",
      "label": "Switch",
      "environment": "HOSTED",
      "presentation": "{\"w\":60,\"x\":-194,\"h\":60,\"y\":-116}",
      "stepType": "SWITCH",
      "inputMappings": [
        {
          "inputPort": "input",
          "mapping": "${triggerOutputSTATUS.statusChanged.auditType}"
        }
      ],
      "switchCases": [
        {
          "caseId": "ee46bd03-5fe9-494a-a60b-8d396c8525f5",
          "caseValue": "EVENT_CREATED"
        }
      ]
    },
    {
      "id": "321a37b4-a056-4674-a4ae-3d47777ababf",
      "label": "Terminate Events",
      "environment": "HOSTED",
      "presentation": "{\"w\":60,\"x\":129,\"h\":60,\"y\":19}",
      "step": "798e3053-b4b4-5e8c-ba84-8a11c3be6237",
      "stepType": "SCRIPT_STEP",
      "inputMappings": [
        {
          "inputPort": "input",
          "mapping": "${event.id}",
          "stepInput": "4fdf2591-4925-5682-8911-f0163d7f98dd"
        }
      ]
    }
  ],
  "edges": [
    {
      "fromBlock": "a90c4333-e22c-452f-80fd-9ef38b92c812",
      "fromPort": "ee46bd03-5fe9-494a-a60b-8d396c8525f5",
      "toBlock": "f5699430-9210-4ae2-bfa1-b9476a49341d",
      "toPort": "input"
    },
    {
      "fromBlock": "f5699430-9210-4ae2-bfa1-b9476a49341d",
      "fromPort": "output",
      "toBlock": "321a37b4-a056-4674-a4ae-3d47777ababf",
      "toPort": "input"
    },
    {
      "fromBlock": "fd289292-6209-4a8a-885c-fead52deeabc",
      "fromPort": "output",
      "toBlock": "a90c4333-e22c-452f-80fd-9ef38b92c812",
      "toPort": "input"
    }
  ]
}