{
  "name": "Queue Build",
  "form": "f3c645b4-f2db-4b70-ada1-aca312213274",
  "blocks": [
    {
      "id": "5b7890e4-aa98-4720-ab2c-c501ae405196",
      "endpoint": "Azure DevOps",
      "label": "Azure DevOps - Queue Build",
      "environment": "HOSTED",
      "presentation": "{\"w\":60,\"x\":-14,\"h\":60,\"y\":19}",
      "step": "c952cb57-06d9-4c11-8190-19855cc5b472",
      "stepType": "SCRIPT_STEP",
      "inputMappings": [
        {
          "inputPort": "input",
          "mapping": "xmemaxwell",
          "stepInput": "54e3382c-7675-489a-a84a-40bb7534295d"
        },
        {
          "inputPort": "input",
          "mapping": "Workflow Example",
          "stepInput": "81179a97-1601-4b7a-958f-4c5591075c94"
        },
        {
          "inputPort": "input",
          "mapping": "xm-emaxwell.workflowexample",
          "stepInput": "9bc7b9f8-9c26-4432-8760-98ca64498aca"
        }
      ]
    },
    {
      "id": "831aa453-d6c1-43e2-8a81-a9afb472604b",
      "label": "Queue Build - Event Status Updates",
      "environment": "HOSTED",
      "presentation": "{\"w\":60,\"x\":-372,\"h\":60,\"y\":-131}",
      "step": "f10c1a10-0ee2-422a-bc55-fe328671eeb3",
      "stepType": "INTEGRATION"
    },
    {
      "id": "b3ecde09-a9b8-4696-b611-3081b96fb8f0",
      "label": "Switch",
      "environment": "HOSTED",
      "presentation": "{\"w\":60,\"x\":-194,\"h\":60,\"y\":-116}",
      "stepType": "SWITCH",
      "inputMappings": [
        {
          "inputPort": "input",
          "mapping": "${triggerOutputSTATUS.statusChanged.auditType}"
        }
      ],
      "switchCases": [
        {
          "caseId": "a5d9074d-3e97-40dc-8b72-22b38192e036",
          "caseValue": "EVENT_CREATED"
        }
      ]
    },
    {
      "id": "2fd4491a-81cd-4071-8a56-d1beffd62c1b",
      "label": "Terminate Events",
      "environment": "HOSTED",
      "presentation": "{\"w\":60,\"x\":129,\"h\":60,\"y\":19}",
      "step": "798e3053-b4b4-5e8c-ba84-8a11c3be6237",
      "stepType": "SCRIPT_STEP",
      "inputMappings": [
        {
          "inputPort": "input",
          "mapping": "${event.id}",
          "stepInput": "4fdf2591-4925-5682-8911-f0163d7f98dd"
        }
      ]
    }
  ],
  "edges": [
    {
      "fromBlock": "831aa453-d6c1-43e2-8a81-a9afb472604b",
      "fromPort": "output",
      "toBlock": "b3ecde09-a9b8-4696-b611-3081b96fb8f0",
      "toPort": "input"
    },
    {
      "fromBlock": "b3ecde09-a9b8-4696-b611-3081b96fb8f0",
      "fromPort": "a5d9074d-3e97-40dc-8b72-22b38192e036",
      "toBlock": "5b7890e4-aa98-4720-ab2c-c501ae405196",
      "toPort": "input"
    },
    {
      "fromBlock": "5b7890e4-aa98-4720-ab2c-c501ae405196",
      "fromPort": "output",
      "toBlock": "2fd4491a-81cd-4071-8a56-d1beffd62c1b",
      "toPort": "input"
    }
  ]
}