{
  "name": "Release Gate",
  "form": "f23e950a-2bed-415b-bcbb-f1757b0ca659",
  "blocks": [
    {
      "id": "aa8dde66-1c4b-4c37-9ccb-aefb5637a248",
      "label": "Approve",
      "environment": "HOSTED",
      "presentation": "{}",
      "step": "18155829-56ba-4f41-9290-3a406c7f5ec6",
      "stepType": "INTEGRATION"
    },
    {
      "id": "f2822e3f-1c2a-40d8-bd76-81ba742d0096",
      "endpoint": "Azure DevOps - Release Gate",
      "label": "Azure DevOps - Update Release Gate",
      "environment": "HOSTED",
      "presentation": "{\"w\":60,\"x\":595,\"h\":60,\"y\":1241}",
      "step": "bed7769c-47d9-4196-a9d5-1206ec690a52",
      "stepType": "SCRIPT_STEP",
      "inputMappings": [
        {
          "inputPort": "input",
          "mapping": "${event.properties.Organization}",
          "stepInput": "b3e68b13-d815-4e4f-bef3-a6e00ee61665"
        },
        {
          "inputPort": "input",
          "mapping": "${event.properties.Project ID}",
          "stepInput": "ea7cfa0d-3394-4c88-9b47-8fba8787ce6c"
        },
        {
          "inputPort": "input",
          "mapping": "${event.properties.Plan ID}",
          "stepInput": "a3089ad3-d525-4a43-9112-9d4d6fb63cbd"
        },
        {
          "inputPort": "input",
          "mapping": "${event.properties.Job ID}",
          "stepInput": "bf78570d-9319-478f-8b6e-b9dba4fc1e6e"
        },
        {
          "inputPort": "input",
          "mapping": "${event.properties.Task ID}",
          "stepInput": "56675bd9-dfc6-4508-847c-3c5d12ff651f"
        },
        {
          "inputPort": "input",
          "mapping": "${event.properties.Callback Auth Token}",
          "stepInput": "f3bc4653-64fc-454b-8de4-5f79287d46e6"
        },
        {
          "inputPort": "input",
          "mapping": "succeeded",
          "stepInput": "179e2ea1-1bef-4c16-9b76-612c38a6d3d7"
        }
      ]
    },
    {
      "id": "5deed495-6cae-4fbb-aa4e-092edabaf757",
      "endpoint": "Azure DevOps - Release Gate",
      "label": "Azure DevOps - Update Release Gate",
      "environment": "HOSTED",
      "presentation": "{\"w\":60,\"x\":585,\"h\":60,\"y\":183}",
      "step": "bed7769c-47d9-4196-a9d5-1206ec690a52",
      "stepType": "SCRIPT_STEP",
      "inputMappings": [
        {
          "inputPort": "input",
          "mapping": "${92fb06ec-fbed-4cdb-95ab-1c0474e2d541.organization}",
          "stepInput": "b3e68b13-d815-4e4f-bef3-a6e00ee61665"
        },
        {
          "inputPort": "input",
          "mapping": "${92fb06ec-fbed-4cdb-95ab-1c0474e2d541.projectID}",
          "stepInput": "ea7cfa0d-3394-4c88-9b47-8fba8787ce6c"
        },
        {
          "inputPort": "input",
          "mapping": "${92fb06ec-fbed-4cdb-95ab-1c0474e2d541.planID}",
          "stepInput": "a3089ad3-d525-4a43-9112-9d4d6fb63cbd"
        },
        {
          "inputPort": "input",
          "mapping": "${92fb06ec-fbed-4cdb-95ab-1c0474e2d541.jobID}",
          "stepInput": "bf78570d-9319-478f-8b6e-b9dba4fc1e6e"
        },
        {
          "inputPort": "input",
          "mapping": "${92fb06ec-fbed-4cdb-95ab-1c0474e2d541.taskID}",
          "stepInput": "56675bd9-dfc6-4508-847c-3c5d12ff651f"
        },
        {
          "inputPort": "input",
          "mapping": "${92fb06ec-fbed-4cdb-95ab-1c0474e2d541.callbackAuthToken}",
          "stepInput": "f3bc4653-64fc-454b-8de4-5f79287d46e6"
        },
        {
          "inputPort": "input",
          "mapping": "succeeded",
          "stepInput": "179e2ea1-1bef-4c16-9b76-612c38a6d3d7"
        }
      ]
    },
    {
      "id": "679230b3-2848-4fdc-9143-b8a3a745f4ad",
      "endpoint": "Azure DevOps - Release Gate",
      "label": "Azure DevOps - Update Release Gate",
      "environment": "HOSTED",
      "presentation": "{\"w\":60,\"x\":806,\"h\":60,\"y\":483}",
      "step": "bed7769c-47d9-4196-a9d5-1206ec690a52",
      "stepType": "SCRIPT_STEP",
      "inputMappings": [
        {
          "inputPort": "input",
          "mapping": "${92fb06ec-fbed-4cdb-95ab-1c0474e2d541.organization}",
          "stepInput": "b3e68b13-d815-4e4f-bef3-a6e00ee61665"
        },
        {
          "inputPort": "input",
          "mapping": "${92fb06ec-fbed-4cdb-95ab-1c0474e2d541.projectID}",
          "stepInput": "ea7cfa0d-3394-4c88-9b47-8fba8787ce6c"
        },
        {
          "inputPort": "input",
          "mapping": "${92fb06ec-fbed-4cdb-95ab-1c0474e2d541.planID}",
          "stepInput": "a3089ad3-d525-4a43-9112-9d4d6fb63cbd"
        },
        {
          "inputPort": "input",
          "mapping": "${92fb06ec-fbed-4cdb-95ab-1c0474e2d541.jobID}",
          "stepInput": "bf78570d-9319-478f-8b6e-b9dba4fc1e6e"
        },
        {
          "inputPort": "input",
          "mapping": "${92fb06ec-fbed-4cdb-95ab-1c0474e2d541.taskID}",
          "stepInput": "56675bd9-dfc6-4508-847c-3c5d12ff651f"
        },
        {
          "inputPort": "input",
          "mapping": "${92fb06ec-fbed-4cdb-95ab-1c0474e2d541.callbackAuthToken}",
          "stepInput": "f3bc4653-64fc-454b-8de4-5f79287d46e6"
        },
        {
          "inputPort": "input",
          "mapping": "failed",
          "stepInput": "179e2ea1-1bef-4c16-9b76-612c38a6d3d7"
        }
      ]
    },
    {
      "id": "9ea9211b-d8e1-430c-bb98-84a30bfee431",
      "endpoint": "xMatters",
      "label": "Check Response Counts",
      "environment": "HOSTED",
      "presentation": "{\"w\":60,\"x\":168,\"h\":60,\"y\":33}",
      "step": "5fc66e90-277f-412a-8556-79622d9163f9",
      "stepType": "SCRIPT_STEP",
      "inputMappings": [
        {
          "inputPort": "input",
          "mapping": "${0c40a377-02c1-4ccd-b979-1abed1f607ac.Event IDs}",
          "stepInput": "b149fdeb-dd86-4c8d-a7bf-443a8797ce4e"
        }
      ]
    },
    {
      "id": "6bdd5954-1da8-409a-87d4-31fdd52d7f08",
      "endpoint": "xMatters",
      "label": "Check Response Counts",
      "environment": "HOSTED",
      "presentation": "{\"w\":60,\"x\":198,\"h\":60,\"y\":1091}",
      "step": "5fc66e90-277f-412a-8556-79622d9163f9",
      "stepType": "SCRIPT_STEP",
      "inputMappings": [
        {
          "inputPort": "input",
          "mapping": "${event.id}",
          "stepInput": "b149fdeb-dd86-4c8d-a7bf-443a8797ce4e"
        }
      ]
    },
    {
      "id": "dca639dd-bd91-4f6e-8c5f-331fd2e14efb",
      "label": "Decline",
      "environment": "HOSTED",
      "presentation": "{}",
      "step": "20f9cb26-c88d-48ec-a068-989b8777a05c",
      "stepType": "INTEGRATION"
    },
    {
      "id": "0c40a377-02c1-4ccd-b979-1abed1f607ac",
      "label": "Get Events",
      "environment": "HOSTED",
      "presentation": "{\"w\":60,\"x\":-244,\"h\":60,\"y\":-267}",
      "step": "f36cf6ba-2225-5cb3-831f-030a05527c72",
      "stepType": "SCRIPT_STEP",
      "inputMappings": [
        {
          "inputPort": "input",
          "mapping": "Timeline ID#en",
          "stepInput": "72cd05cc-dfe2-5933-b85c-edcf1df9f56f"
        },
        {
          "inputPort": "input",
          "mapping": "${92fb06ec-fbed-4cdb-95ab-1c0474e2d541.timelineID}",
          "stepInput": "b58893a5-ffaf-502d-982b-613dcd7b2232"
        },
        {
          "inputPort": "input",
          "mapping": "TRUE",
          "stepInput": "3bb89cc9-b89f-5291-9c54-1da7bc6c051a"
        }
      ]
    },
    {
      "id": "92fb06ec-fbed-4cdb-95ab-1c0474e2d541",
      "label": "Release Gate - Azure DevOps - Release Gate",
      "environment": "HOSTED",
      "presentation": "{\"w\":60,\"x\":-413,\"h\":60,\"y\":-267}",
      "step": "9ccf0bb0-34b8-4edf-a613-0671e2e61897",
      "stepType": "INTEGRATION"
    },
    {
      "id": "d68e3308-b91f-4a34-afd4-ccba9e97758d",
      "label": "Responses",
      "environment": "HOSTED",
      "presentation": "{\"w\":100,\"x\":15,\"h\":50,\"y\":935}",
      "stepType": "RESPONSES"
    },
    {
      "id": "fe26fbad-cc2b-40a9-831d-a6d5f13f99bf",
      "label": "Switch",
      "environment": "HOSTED",
      "presentation": "{\"w\":60,\"x\":379,\"h\":60,\"y\":48}",
      "stepType": "SWITCH",
      "inputMappings": [
        {
          "inputPort": "input",
          "mapping": "${9ea9211b-d8e1-430c-bb98-84a30bfee431.responseThresholdsMet}"
        }
      ],
      "switchCases": [
        {
          "caseId": "22a379f8-f144-4623-b78a-57a80e3beee6",
          "caseValue": "TRUE"
        },
        {
          "caseId": "2f588312-8092-4fca-829a-8bd5299d229b",
          "caseValue": "FALSE"
        }
      ]
    },
    {
      "id": "04dadc60-baf9-4cc5-9c98-b5b391319f83",
      "label": "Switch",
      "environment": "HOSTED",
      "presentation": "{\"w\":60,\"x\":399,\"h\":60,\"y\":1106}",
      "stepType": "SWITCH",
      "inputMappings": [
        {
          "inputPort": "input",
          "mapping": "${6bdd5954-1da8-409a-87d4-31fdd52d7f08.responseThresholdsMet}"
        }
      ],
      "switchCases": [
        {
          "caseId": "388bce17-fd7c-4c60-bb93-511f4937b1a6",
          "caseValue": "TRUE"
        }
      ]
    },
    {
      "id": "36e9db36-6dcb-4cda-99b1-3995b3ef51bc",
      "label": "Switch",
      "environment": "HOSTED",
      "presentation": "{\"w\":60,\"x\":621,\"h\":60,\"y\":348}",
      "stepType": "SWITCH",
      "inputMappings": [
        {
          "inputPort": "input",
          "mapping": "${9ea9211b-d8e1-430c-bb98-84a30bfee431.status}"
        }
      ],
      "switchCases": [
        {
          "caseId": "fbf4ad13-36ab-496c-8278-3c43f9778c6d",
          "caseValue": "TERMINATED"
        }
      ]
    },
    {
      "id": "627fc83b-b130-4819-97ec-c97948fcce33",
      "label": "Switch",
      "environment": "HOSTED",
      "presentation": "{\"w\":60,\"x\":-45,\"h\":60,\"y\":-252}",
      "stepType": "SWITCH",
      "inputMappings": [
        {
          "inputPort": "input",
          "mapping": "${0c40a377-02c1-4ccd-b979-1abed1f607ac.Number of Event IDs Returned}"
        }
      ],
      "switchCases": [
        {
          "caseId": "93a18cfd-0c9e-4e36-b16b-d22c0a44f21c",
          "caseValue": "0"
        },
        {
          "caseId": "50d28199-e36d-4101-b2b3-e28d6ab6eabb",
          "caseValue": "1"
        }
      ]
    },
    {
      "id": "f4ba48fd-70bc-4899-af8d-9bb39f4edc11",
      "label": "Terminate Events",
      "environment": "HOSTED",
      "presentation": "{\"w\":60,\"x\":745,\"h\":60,\"y\":1241}",
      "step": "798e3053-b4b4-5e8c-ba84-8a11c3be6237",
      "stepType": "SCRIPT_STEP",
      "inputMappings": [
        {
          "inputPort": "input",
          "mapping": "${event.id}",
          "stepInput": "4fdf2591-4925-5682-8911-f0163d7f98dd"
        }
      ]
    },
    {
      "id": "28bcc3c1-5b3d-487b-9cf5-684fccdcee05",
      "label": "Terminate Events",
      "environment": "HOSTED",
      "presentation": "{\"w\":60,\"x\":740,\"h\":60,\"y\":183}",
      "step": "798e3053-b4b4-5e8c-ba84-8a11c3be6237",
      "stepType": "SCRIPT_STEP",
      "inputMappings": [
        {
          "inputPort": "input",
          "mapping": "${0c40a377-02c1-4ccd-b979-1abed1f607ac.Event IDs}",
          "stepInput": "4fdf2591-4925-5682-8911-f0163d7f98dd"
        }
      ]
    },
    {
      "id": "f9200ee8-7e4e-4ccb-8d39-b5dfe1ce1f80",
      "label": "xMatters Create Event - Release Gate",
      "environment": "HOSTED",
      "presentation": "{\"w\":60,\"x\":169,\"h\":60,\"y\":-117}",
      "step": "f23e950a-2bed-415b-bcbb-f1757b0ca659",
      "stepType": "CREATE_EVENT",
      "inputMappings": [
        {
          "inputPort": "input",
          "mapping": "${92fb06ec-fbed-4cdb-95ab-1c0474e2d541.taskID}",
          "sectionItemKey": "56feb23a-9426-4878-9793-24c7ef6902d3"
        },
        {
          "inputPort": "input",
          "mapping": "${92fb06ec-fbed-4cdb-95ab-1c0474e2d541.message}",
          "sectionItemKey": "8378b0cd-82c1-48b7-b963-d18e1da8fa45"
        },
        {
          "inputPort": "input",
          "mapping": "${92fb06ec-fbed-4cdb-95ab-1c0474e2d541.branch}",
          "sectionItemKey": "69b1d7ba-d0a4-4e81-8e32-3549cb56daf3"
        },
        {
          "inputPort": "input",
          "mapping": "${92fb06ec-fbed-4cdb-95ab-1c0474e2d541.repositoryName}",
          "sectionItemKey": "110c2ca8-14cd-4cb5-a636-7220b90b6821"
        },
        {
          "inputPort": "input",
          "mapping": "${92fb06ec-fbed-4cdb-95ab-1c0474e2d541.organization}",
          "sectionItemKey": "e24b0792-a24c-4d9e-add8-f157544e18e3"
        },
        {
          "inputPort": "input",
          "mapping": "${92fb06ec-fbed-4cdb-95ab-1c0474e2d541.projectID}",
          "sectionItemKey": "f22153c0-ed8e-405b-8c3f-73b1e20c76ca"
        },
        {
          "inputPort": "input",
          "mapping": "${92fb06ec-fbed-4cdb-95ab-1c0474e2d541.messageSubject}",
          "sectionItemKey": "ed55e999-ab21-42da-998c-5fac39127b84"
        },
        {
          "inputPort": "input",
          "mapping": "${92fb06ec-fbed-4cdb-95ab-1c0474e2d541.pipelineName}",
          "sectionItemKey": "3f0c7dd6-e711-44f8-88bb-5de791de5765"
        },
        {
          "inputPort": "input",
          "mapping": "${92fb06ec-fbed-4cdb-95ab-1c0474e2d541.buildNumber}",
          "sectionItemKey": "d996b48c-38a9-4055-829f-a35efec45d47"
        },
        {
          "inputPort": "input",
          "mapping": "${92fb06ec-fbed-4cdb-95ab-1c0474e2d541.jobID}",
          "sectionItemKey": "0df69fcf-e89d-41b8-82cd-3c626652cec0"
        },
        {
          "inputPort": "input",
          "mapping": "${92fb06ec-fbed-4cdb-95ab-1c0474e2d541.timelineID}",
          "sectionItemKey": "c21df9d4-583e-46ed-bdc9-51a3f45c82ca"
        },
        {
          "inputPort": "input",
          "mapping": "${92fb06ec-fbed-4cdb-95ab-1c0474e2d541.planID}",
          "sectionItemKey": "820c4d17-a717-457e-9184-d01900071d64"
        },
        {
          "inputPort": "input",
          "mapping": "${92fb06ec-fbed-4cdb-95ab-1c0474e2d541.commit}",
          "sectionItemKey": "be1500c8-7f8e-4a52-b861-3d4a095c362e"
        },
        {
          "inputPort": "input",
          "mapping": "${92fb06ec-fbed-4cdb-95ab-1c0474e2d541.projectName}",
          "sectionItemKey": "a4305230-7b03-4369-bf4f-68efdfd39429"
        },
        {
          "inputPort": "input",
          "mapping": "${92fb06ec-fbed-4cdb-95ab-1c0474e2d541.callbackAuthToken}",
          "sectionItemKey": "767f814a-afb5-47d6-a03b-a3e0bcd548e9"
        },
        {
          "inputPort": "input",
          "mapping": "${92fb06ec-fbed-4cdb-95ab-1c0474e2d541.buildId}",
          "sectionItemKey": "0f767b5c-e24c-4fa9-8316-4da8bdcd60c5"
        },
        {
          "inputPort": "input",
          "mapping": "${92fb06ec-fbed-4cdb-95ab-1c0474e2d541.recipients}",
          "sectionItemKey": "recipients"
        },
        {
          "inputPort": "input",
          "mapping": "${92fb06ec-fbed-4cdb-95ab-1c0474e2d541.repositoryProvider}",
          "sectionItemKey": "9cad3634-5797-4995-b9f1-7e1b4edf39cd"
        }
      ]
    }
  ],
  "edges": [
    {
      "fromBlock": "92fb06ec-fbed-4cdb-95ab-1c0474e2d541",
      "fromPort": "output",
      "toBlock": "0c40a377-02c1-4ccd-b979-1abed1f607ac",
      "toPort": "input"
    },
    {
      "fromBlock": "9ea9211b-d8e1-430c-bb98-84a30bfee431",
      "fromPort": "output",
      "toBlock": "fe26fbad-cc2b-40a9-831d-a6d5f13f99bf",
      "toPort": "input"
    },
    {
      "fromBlock": "aa8dde66-1c4b-4c37-9ccb-aefb5637a248",
      "fromPort": "output",
      "toBlock": "6bdd5954-1da8-409a-87d4-31fdd52d7f08",
      "toPort": "input"
    },
    {
      "fromBlock": "f2822e3f-1c2a-40d8-bd76-81ba742d0096",
      "fromPort": "output",
      "toBlock": "f4ba48fd-70bc-4899-af8d-9bb39f4edc11",
      "toPort": "input"
    },
    {
      "fromBlock": "fe26fbad-cc2b-40a9-831d-a6d5f13f99bf",
      "fromPort": "2f588312-8092-4fca-829a-8bd5299d229b",
      "toBlock": "36e9db36-6dcb-4cda-99b1-3995b3ef51bc",
      "toPort": "input"
    },
    {
      "fromBlock": "fe26fbad-cc2b-40a9-831d-a6d5f13f99bf",
      "fromPort": "22a379f8-f144-4623-b78a-57a80e3beee6",
      "toBlock": "5deed495-6cae-4fbb-aa4e-092edabaf757",
      "toPort": "input"
    },
    {
      "fromBlock": "04dadc60-baf9-4cc5-9c98-b5b391319f83",
      "fromPort": "388bce17-fd7c-4c60-bb93-511f4937b1a6",
      "toBlock": "f2822e3f-1c2a-40d8-bd76-81ba742d0096",
      "toPort": "input"
    },
    {
      "fromBlock": "0c40a377-02c1-4ccd-b979-1abed1f607ac",
      "fromPort": "output",
      "toBlock": "627fc83b-b130-4819-97ec-c97948fcce33",
      "toPort": "input"
    },
    {
      "fromBlock": "36e9db36-6dcb-4cda-99b1-3995b3ef51bc",
      "fromPort": "fbf4ad13-36ab-496c-8278-3c43f9778c6d",
      "toBlock": "679230b3-2848-4fdc-9143-b8a3a745f4ad",
      "toPort": "input"
    },
    {
      "fromBlock": "5deed495-6cae-4fbb-aa4e-092edabaf757",
      "fromPort": "output",
      "toBlock": "28bcc3c1-5b3d-487b-9cf5-684fccdcee05",
      "toPort": "input"
    },
    {
      "fromBlock": "627fc83b-b130-4819-97ec-c97948fcce33",
      "fromPort": "50d28199-e36d-4101-b2b3-e28d6ab6eabb",
      "toBlock": "9ea9211b-d8e1-430c-bb98-84a30bfee431",
      "toPort": "input"
    },
    {
      "fromBlock": "627fc83b-b130-4819-97ec-c97948fcce33",
      "fromPort": "93a18cfd-0c9e-4e36-b16b-d22c0a44f21c",
      "toBlock": "f9200ee8-7e4e-4ccb-8d39-b5dfe1ce1f80",
      "toPort": "input"
    },
    {
      "fromBlock": "6bdd5954-1da8-409a-87d4-31fdd52d7f08",
      "fromPort": "output",
      "toBlock": "04dadc60-baf9-4cc5-9c98-b5b391319f83",
      "toPort": "input"
    }
  ]
}