{
  "name": "Release Approvals",
  "form": "0d8eed20-4d41-4a37-92d8-6e2c4382cc8c",
  "blocks": [
    {
      "id": "d14c436c-267f-4ecc-bfed-49992dbc6413",
      "label": "Approve",
      "environment": "HOSTED",
      "presentation": "{}",
      "step": "7affe09e-ef56-49d2-a292-f4722cfc8135",
      "stepType": "INTEGRATION"
    },
    {
      "id": "93c13057-39ad-416a-8eff-e47aa63992e1",
      "endpoint": "Azure DevOps - Management",
      "label": "Azure DevOps - Search for User",
      "environment": "HOSTED",
      "presentation": "{\"w\":60,\"x\":660,\"h\":60,\"y\":340}",
      "step": "2af9e044-1829-4057-a946-9db295d88980",
      "stepType": "SCRIPT_STEP",
      "inputMappings": [
        {
          "inputPort": "input",
          "mapping": "${e68e4547-75e3-48f1-9d79-773bb3f8828a.organization}",
          "stepInput": "1e3817ff-c970-41f5-99d3-33cd1d32f143"
        },
        {
          "inputPort": "input",
          "mapping": "${e68e4547-75e3-48f1-9d79-773bb3f8828a.approverUniqueName}",
          "stepInput": "9358091d-99ca-43f2-b2c2-104e47e3325b"
        }
      ]
    },
    {
      "id": "44268cd5-4284-4010-a6cc-4d9049878942",
      "endpoint": "Azure DevOps - Release Management",
      "label": "Azure DevOps - Update Release Approval Status",
      "environment": "HOSTED",
      "presentation": "{\"w\":60,\"x\":220,\"h\":60,\"y\":1185}",
      "step": "e56a944b-7d2a-435a-a7f4-7d200fa5cdb0",
      "stepType": "SCRIPT_STEP",
      "inputMappings": [
        {
          "inputPort": "input",
          "mapping": "${event.properties.Approval URL}",
          "stepInput": "ac739a70-0a8c-491f-9497-f29f9c2ebd34"
        },
        {
          "inputPort": "input",
          "mapping": "rejected",
          "stepInput": "533bd28d-67be-4c5a-b834-44d42630c655"
        },
        {
          "inputPort": "input",
          "mapping": "Rejected",
          "stepInput": "084c4927-5551-4df1-a3da-bead41739196"
        }
      ]
    },
    {
      "id": "7b572ae8-f1c1-4a65-b2fd-1eb93c6eb9cf",
      "endpoint": "Azure DevOps - Release Management",
      "label": "Azure DevOps - Update Release Approval Status",
      "environment": "HOSTED",
      "presentation": "{\"w\":60,\"x\":220,\"h\":60,\"y\":1029}",
      "step": "e56a944b-7d2a-435a-a7f4-7d200fa5cdb0",
      "stepType": "SCRIPT_STEP",
      "inputMappings": [
        {
          "inputPort": "input",
          "mapping": "${event.properties.Approval URL}",
          "stepInput": "ac739a70-0a8c-491f-9497-f29f9c2ebd34"
        },
        {
          "inputPort": "input",
          "mapping": "approved",
          "stepInput": "533bd28d-67be-4c5a-b834-44d42630c655"
        },
        {
          "inputPort": "input",
          "mapping": "Approved",
          "stepInput": "084c4927-5551-4df1-a3da-bead41739196"
        }
      ]
    },
    {
      "id": "a8ad967b-63ea-4d80-b28a-11dfa1c9e814",
      "label": "Create Event - Release Approvals",
      "environment": "HOSTED",
      "presentation": "{\"w\":60,\"x\":1100,\"h\":60,\"y\":340}",
      "step": "0d8eed20-4d41-4a37-92d8-6e2c4382cc8c",
      "stepType": "CREATE_EVENT",
      "inputMappings": [
        {
          "inputPort": "input",
          "mapping": "${e68e4547-75e3-48f1-9d79-773bb3f8828a.releaseDescription}",
          "sectionItemKey": "f6930b70-d96d-4224-8242-72af470c4412"
        },
        {
          "inputPort": "input",
          "mapping": "${e68e4547-75e3-48f1-9d79-773bb3f8828a.messageHtml}",
          "sectionItemKey": "aa6d9f95-177c-42b1-ad4e-dbf71d74bf52"
        },
        {
          "inputPort": "input",
          "mapping": "${e68e4547-75e3-48f1-9d79-773bb3f8828a.approvalUrl}",
          "sectionItemKey": "ed167197-9b81-4ca3-9049-ce80973660d5"
        },
        {
          "inputPort": "input",
          "mapping": "${afba5526-a50a-45f5-bc1a-f33d2a9ad2b1.User Target Names}",
          "sectionItemKey": "recipients"
        }
      ]
    },
    {
      "id": "b306157d-c0f7-42ab-980e-a088c412acab",
      "label": "Create Event - Release Approvals",
      "environment": "HOSTED",
      "presentation": "{\"w\":60,\"x\":660,\"h\":60,\"y\":490}",
      "step": "0d8eed20-4d41-4a37-92d8-6e2c4382cc8c",
      "stepType": "CREATE_EVENT",
      "inputMappings": [
        {
          "inputPort": "input",
          "mapping": "${e68e4547-75e3-48f1-9d79-773bb3f8828a.approvalUrl}",
          "sectionItemKey": "ed167197-9b81-4ca3-9049-ce80973660d5"
        },
        {
          "inputPort": "input",
          "mapping": "${e68e4547-75e3-48f1-9d79-773bb3f8828a.approverUniqueName}",
          "sectionItemKey": "recipients"
        },
        {
          "inputPort": "input",
          "mapping": "${e68e4547-75e3-48f1-9d79-773bb3f8828a.messageHtml}",
          "sectionItemKey": "aa6d9f95-177c-42b1-ad4e-dbf71d74bf52"
        },
        {
          "inputPort": "input",
          "mapping": "${e68e4547-75e3-48f1-9d79-773bb3f8828a.releaseDescription}",
          "sectionItemKey": "f6930b70-d96d-4224-8242-72af470c4412"
        }
      ]
    },
    {
      "id": "588e7ec7-efcc-4418-b847-11a8cb736826",
      "label": "Decline",
      "environment": "HOSTED",
      "presentation": "{}",
      "step": "3dc11661-6c52-4fad-91a1-9b628ca60a59",
      "stepType": "INTEGRATION"
    },
    {
      "id": "afba5526-a50a-45f5-bc1a-f33d2a9ad2b1",
      "label": "Find Users by Email",
      "environment": "HOSTED",
      "presentation": "{\"w\":60,\"x\":880,\"h\":60,\"y\":340}",
      "step": "8ede1776-ec4c-454a-810a-80fe66a1a487",
      "stepType": "SCRIPT_STEP",
      "inputMappings": [
        {
          "inputPort": "input",
          "mapping": "${93c13057-39ad-416a-8eff-e47aa63992e1.email}",
          "stepInput": "91a62d73-7cc7-479e-b792-dc8f4f55bee2"
        }
      ]
    },
    {
      "id": "e68e4547-75e3-48f1-9d79-773bb3f8828a",
      "label": "Release Approvals - Azure DevOps - Approval Notice",
      "environment": "HOSTED",
      "presentation": "{\"w\":60,\"x\":0,\"h\":60,\"y\":40}",
      "step": "ecc28412-c8f0-4b50-bf76-50ef62599b4c",
      "stepType": "INTEGRATION"
    },
    {
      "id": "1ff491d1-2f19-4aed-85f7-9838a7a9d5ec",
      "label": "Responses",
      "environment": "HOSTED",
      "presentation": "{\"w\":100,\"x\":0,\"h\":50,\"y\":873}",
      "stepType": "RESPONSES"
    },
    {
      "id": "c04f998d-89fc-48fb-a1da-a9d73fe0beae",
      "label": "Switch",
      "environment": "HOSTED",
      "presentation": "{\"w\":60,\"x\":220,\"h\":60,\"y\":55}",
      "stepType": "SWITCH",
      "inputMappings": [
        {
          "inputPort": "input",
          "mapping": "${e68e4547-75e3-48f1-9d79-773bb3f8828a.eventType}"
        }
      ],
      "switchCases": [
        {
          "caseId": "252f9a02-616d-4343-a802-eb6ba5e44be8",
          "caseValue": "ms.vss-release.deployment-approval-pending-event"
        }
      ]
    },
    {
      "id": "4738a6fc-f78c-474e-ab8b-7539f7b4242d",
      "label": "Switch",
      "environment": "HOSTED",
      "presentation": "{\"w\":60,\"x\":440,\"h\":60,\"y\":205}",
      "stepType": "SWITCH",
      "inputMappings": [
        {
          "inputPort": "input",
          "mapping": "${e68e4547-75e3-48f1-9d79-773bb3f8828a.isGroup}"
        }
      ],
      "switchCases": [
        {
          "caseId": "eeec090d-2a97-415a-9515-5e6b6b72cb07",
          "caseValue": "false"
        },
        {
          "caseId": "670224d6-de80-4616-830e-31becccb7e84",
          "caseValue": "true"
        }
      ]
    },
    {
      "id": "d6d8b7d4-949e-40a1-abc6-cfbf0e23bde7",
      "label": "Terminate Events",
      "environment": "HOSTED",
      "presentation": "{\"w\":60,\"x\":440,\"h\":60,\"y\":1029}",
      "step": "798e3053-b4b4-5e8c-ba84-8a11c3be6237",
      "stepType": "SCRIPT_STEP",
      "inputMappings": [
        {
          "inputPort": "input",
          "mapping": "${event.id}",
          "stepInput": "4fdf2591-4925-5682-8911-f0163d7f98dd"
        }
      ]
    }
  ],
  "edges": [
    {
      "fromBlock": "93c13057-39ad-416a-8eff-e47aa63992e1",
      "fromPort": "output",
      "toBlock": "afba5526-a50a-45f5-bc1a-f33d2a9ad2b1",
      "toPort": "input"
    },
    {
      "fromBlock": "afba5526-a50a-45f5-bc1a-f33d2a9ad2b1",
      "fromPort": "output",
      "toBlock": "a8ad967b-63ea-4d80-b28a-11dfa1c9e814",
      "toPort": "input"
    },
    {
      "fromBlock": "c04f998d-89fc-48fb-a1da-a9d73fe0beae",
      "fromPort": "252f9a02-616d-4343-a802-eb6ba5e44be8",
      "toBlock": "4738a6fc-f78c-474e-ab8b-7539f7b4242d",
      "toPort": "input"
    },
    {
      "fromBlock": "d14c436c-267f-4ecc-bfed-49992dbc6413",
      "fromPort": "output",
      "toBlock": "7b572ae8-f1c1-4a65-b2fd-1eb93c6eb9cf",
      "toPort": "input"
    },
    {
      "fromBlock": "e68e4547-75e3-48f1-9d79-773bb3f8828a",
      "fromPort": "output",
      "toBlock": "c04f998d-89fc-48fb-a1da-a9d73fe0beae",
      "toPort": "input"
    },
    {
      "fromBlock": "44268cd5-4284-4010-a6cc-4d9049878942",
      "fromPort": "output",
      "toBlock": "d6d8b7d4-949e-40a1-abc6-cfbf0e23bde7",
      "toPort": "input"
    },
    {
      "fromBlock": "4738a6fc-f78c-474e-ab8b-7539f7b4242d",
      "fromPort": "eeec090d-2a97-415a-9515-5e6b6b72cb07",
      "toBlock": "93c13057-39ad-416a-8eff-e47aa63992e1",
      "toPort": "input"
    },
    {
      "fromBlock": "4738a6fc-f78c-474e-ab8b-7539f7b4242d",
      "fromPort": "670224d6-de80-4616-830e-31becccb7e84",
      "toBlock": "b306157d-c0f7-42ab-980e-a088c412acab",
      "toPort": "input"
    },
    {
      "fromBlock": "588e7ec7-efcc-4418-b847-11a8cb736826",
      "fromPort": "output",
      "toBlock": "44268cd5-4284-4010-a6cc-4d9049878942",
      "toPort": "input"
    },
    {
      "fromBlock": "7b572ae8-f1c1-4a65-b2fd-1eb93c6eb9cf",
      "fromPort": "output",
      "toBlock": "d6d8b7d4-949e-40a1-abc6-cfbf0e23bde7",
      "toPort": "input"
    }
  ]
}