{
  "name": "Release Gate",
  "description": "",
  "form": "d9ebcc5b-200a-4997-a5b9-15f3019bf78f",
  "blocks": [
    {
      "id": "a4a91a73-df58-4743-a8ae-5efad2908e85",
      "label": "Approve",
      "environment": "HOSTED",
      "presentation": "{}",
      "step": "993e7165-73eb-4bad-b141-71821d0c34f0",
      "stepType": "INTEGRATION"
    },
    {
      "id": "b9837e2b-b838-4dd3-b2b5-727b8c2bdabf",
      "endpoint": "Azure DevOps - Release Management",
      "label": "Azure DevOps - Update Release Gate",
      "environment": "HOSTED",
      "presentation": "{\"w\":60,\"x\":806,\"h\":60,\"y\":483}",
      "step": "bed7769c-47d9-4196-a9d5-1206ec690a52",
      "stepType": "SCRIPT_STEP",
      "inputMappings": [
        {
          "inputPort": "input",
          "mapping": "${d4c0fb82-0a0e-4edb-bcd4-344c618a5eb7.organization}",
          "stepInput": "b3e68b13-d815-4e4f-bef3-a6e00ee61665"
        },
        {
          "inputPort": "input",
          "mapping": "${d4c0fb82-0a0e-4edb-bcd4-344c618a5eb7.projectID}",
          "stepInput": "ea7cfa0d-3394-4c88-9b47-8fba8787ce6c"
        },
        {
          "inputPort": "input",
          "mapping": "${d4c0fb82-0a0e-4edb-bcd4-344c618a5eb7.planID}",
          "stepInput": "a3089ad3-d525-4a43-9112-9d4d6fb63cbd"
        },
        {
          "inputPort": "input",
          "mapping": "${d4c0fb82-0a0e-4edb-bcd4-344c618a5eb7.jobID}",
          "stepInput": "bf78570d-9319-478f-8b6e-b9dba4fc1e6e"
        },
        {
          "inputPort": "input",
          "mapping": "${d4c0fb82-0a0e-4edb-bcd4-344c618a5eb7.taskID}",
          "stepInput": "56675bd9-dfc6-4508-847c-3c5d12ff651f"
        },
        {
          "inputPort": "input",
          "mapping": "${d4c0fb82-0a0e-4edb-bcd4-344c618a5eb7.callbackAuthToken}",
          "stepInput": "f3bc4653-64fc-454b-8de4-5f79287d46e6"
        },
        {
          "inputPort": "input",
          "mapping": "failed",
          "stepInput": "179e2ea1-1bef-4c16-9b76-612c38a6d3d7"
        }
      ]
    },
    {
      "id": "cd68108f-07ea-4904-91fa-0adeee8c2bd6",
      "endpoint": "Azure DevOps - Release Management",
      "label": "Azure DevOps - Update Release Gate",
      "environment": "HOSTED",
      "presentation": "{\"w\":60,\"x\":595,\"h\":60,\"y\":1241}",
      "step": "bed7769c-47d9-4196-a9d5-1206ec690a52",
      "stepType": "SCRIPT_STEP",
      "inputMappings": [
        {
          "inputPort": "input",
          "mapping": "${event.properties.Organization}",
          "stepInput": "b3e68b13-d815-4e4f-bef3-a6e00ee61665"
        },
        {
          "inputPort": "input",
          "mapping": "${event.properties.Project ID}",
          "stepInput": "ea7cfa0d-3394-4c88-9b47-8fba8787ce6c"
        },
        {
          "inputPort": "input",
          "mapping": "${event.properties.Plan ID}",
          "stepInput": "a3089ad3-d525-4a43-9112-9d4d6fb63cbd"
        },
        {
          "inputPort": "input",
          "mapping": "${event.properties.Job ID}",
          "stepInput": "bf78570d-9319-478f-8b6e-b9dba4fc1e6e"
        },
        {
          "inputPort": "input",
          "mapping": "${event.properties.Task ID}",
          "stepInput": "56675bd9-dfc6-4508-847c-3c5d12ff651f"
        },
        {
          "inputPort": "input",
          "mapping": "${event.properties.Callback Auth Token}",
          "stepInput": "f3bc4653-64fc-454b-8de4-5f79287d46e6"
        },
        {
          "inputPort": "input",
          "mapping": "succeeded",
          "stepInput": "179e2ea1-1bef-4c16-9b76-612c38a6d3d7"
        }
      ]
    },
    {
      "id": "555eff9f-8e25-442f-a5e9-0bd3aa6126a8",
      "endpoint": "Azure DevOps - Release Management",
      "label": "Azure DevOps - Update Release Gate",
      "environment": "HOSTED",
      "presentation": "{\"w\":60,\"x\":585,\"h\":60,\"y\":183}",
      "step": "bed7769c-47d9-4196-a9d5-1206ec690a52",
      "stepType": "SCRIPT_STEP",
      "inputMappings": [
        {
          "inputPort": "input",
          "mapping": "${d4c0fb82-0a0e-4edb-bcd4-344c618a5eb7.organization}",
          "stepInput": "b3e68b13-d815-4e4f-bef3-a6e00ee61665"
        },
        {
          "inputPort": "input",
          "mapping": "${d4c0fb82-0a0e-4edb-bcd4-344c618a5eb7.projectID}",
          "stepInput": "ea7cfa0d-3394-4c88-9b47-8fba8787ce6c"
        },
        {
          "inputPort": "input",
          "mapping": "${d4c0fb82-0a0e-4edb-bcd4-344c618a5eb7.planID}",
          "stepInput": "a3089ad3-d525-4a43-9112-9d4d6fb63cbd"
        },
        {
          "inputPort": "input",
          "mapping": "${d4c0fb82-0a0e-4edb-bcd4-344c618a5eb7.jobID}",
          "stepInput": "bf78570d-9319-478f-8b6e-b9dba4fc1e6e"
        },
        {
          "inputPort": "input",
          "mapping": "${d4c0fb82-0a0e-4edb-bcd4-344c618a5eb7.taskID}",
          "stepInput": "56675bd9-dfc6-4508-847c-3c5d12ff651f"
        },
        {
          "inputPort": "input",
          "mapping": "${d4c0fb82-0a0e-4edb-bcd4-344c618a5eb7.callbackAuthToken}",
          "stepInput": "f3bc4653-64fc-454b-8de4-5f79287d46e6"
        },
        {
          "inputPort": "input",
          "mapping": "succeeded",
          "stepInput": "179e2ea1-1bef-4c16-9b76-612c38a6d3d7"
        }
      ]
    },
    {
      "id": "8c6f5e63-5e40-42a5-b4ff-d6be2f4c8d6e",
      "endpoint": "xMatters",
      "label": "Check Response Counts",
      "environment": "HOSTED",
      "presentation": "{\"w\":60,\"x\":198,\"h\":60,\"y\":1091}",
      "step": "5fc66e90-277f-412a-8556-79622d9163f9",
      "stepType": "SCRIPT_STEP",
      "inputMappings": [
        {
          "inputPort": "input",
          "mapping": "${event.id}",
          "stepInput": "b149fdeb-dd86-4c8d-a7bf-443a8797ce4e"
        }
      ]
    },
    {
      "id": "437113b5-9717-40dc-a897-c5cb2b353712",
      "endpoint": "xMatters",
      "label": "Check Response Counts",
      "environment": "HOSTED",
      "presentation": "{\"w\":60,\"x\":168,\"h\":60,\"y\":33}",
      "step": "5fc66e90-277f-412a-8556-79622d9163f9",
      "stepType": "SCRIPT_STEP",
      "inputMappings": [
        {
          "inputPort": "input",
          "mapping": "${966310a7-31b6-4eb5-93da-ef7ba87587f1.Event IDs}",
          "stepInput": "b149fdeb-dd86-4c8d-a7bf-443a8797ce4e"
        }
      ]
    },
    {
      "id": "9a8658c9-f10c-4ec3-9d22-6fffe57fd033",
      "label": "Decline",
      "environment": "HOSTED",
      "presentation": "{}",
      "step": "d81c0801-11a6-489b-9516-a1e1d55af458",
      "stepType": "INTEGRATION"
    },
    {
      "id": "966310a7-31b6-4eb5-93da-ef7ba87587f1",
      "label": "Get Events",
      "environment": "HOSTED",
      "presentation": "{\"w\":60,\"x\":-244,\"h\":60,\"y\":-267}",
      "step": "f36cf6ba-2225-5cb3-831f-030a05527c72",
      "stepType": "SCRIPT_STEP",
      "inputMappings": [
        {
          "inputPort": "input",
          "mapping": "Timeline ID#en",
          "stepInput": "72cd05cc-dfe2-5933-b85c-edcf1df9f56f"
        },
        {
          "inputPort": "input",
          "mapping": "${d4c0fb82-0a0e-4edb-bcd4-344c618a5eb7.timelineID}",
          "stepInput": "b58893a5-ffaf-502d-982b-613dcd7b2232"
        },
        {
          "inputPort": "input",
          "mapping": "TRUE",
          "stepInput": "3bb89cc9-b89f-5291-9c54-1da7bc6c051a"
        }
      ]
    },
    {
      "id": "d4c0fb82-0a0e-4edb-bcd4-344c618a5eb7",
      "label": "Release Gate - Azure DevOps - Release Gate",
      "environment": "HOSTED",
      "presentation": "{\"w\":60,\"x\":-413,\"h\":60,\"y\":-267}",
      "step": "b0c5db1b-d8a6-4064-92fe-3b31e053911e",
      "stepType": "INTEGRATION"
    },
    {
      "id": "8317c8ad-4619-4d0c-a73c-b5a9a980b5a4",
      "label": "Responses",
      "environment": "HOSTED",
      "presentation": "{\"w\":100,\"x\":15,\"h\":50,\"y\":935}",
      "stepType": "RESPONSES"
    },
    {
      "id": "b508d08f-38b8-4185-805e-e383a23c2602",
      "label": "Switch",
      "environment": "HOSTED",
      "presentation": "{\"w\":60,\"x\":621,\"h\":60,\"y\":348}",
      "stepType": "SWITCH",
      "inputMappings": [
        {
          "inputPort": "input",
          "mapping": "${437113b5-9717-40dc-a897-c5cb2b353712.status}"
        }
      ],
      "switchCases": [
        {
          "caseId": "dc458f74-7915-4f6e-9eaa-e7ca9b8d384e",
          "caseValue": "TERMINATED"
        }
      ]
    },
    {
      "id": "0b6e8090-e28e-4ce8-8d8e-4ac3cc1b8388",
      "label": "Switch",
      "environment": "HOSTED",
      "presentation": "{\"w\":60,\"x\":379,\"h\":60,\"y\":48}",
      "stepType": "SWITCH",
      "inputMappings": [
        {
          "inputPort": "input",
          "mapping": "${437113b5-9717-40dc-a897-c5cb2b353712.responseThresholdsMet}"
        }
      ],
      "switchCases": [
        {
          "caseId": "867857e2-7895-4f1a-984c-3ed13dea4877",
          "caseValue": "TRUE"
        },
        {
          "caseId": "66237fda-3b16-4368-b9c5-6d8b3f9a8ea2",
          "caseValue": "FALSE"
        }
      ]
    },
    {
      "id": "44fffe4a-8c34-4b6c-ae20-fb5023b086a8",
      "label": "Switch",
      "environment": "HOSTED",
      "presentation": "{\"w\":60,\"x\":-45,\"h\":60,\"y\":-252}",
      "stepType": "SWITCH",
      "inputMappings": [
        {
          "inputPort": "input",
          "mapping": "${966310a7-31b6-4eb5-93da-ef7ba87587f1.Number of Event IDs Returned}"
        }
      ],
      "switchCases": [
        {
          "caseId": "5b907000-2153-4d43-820b-0e777a11cc56",
          "caseValue": "0"
        },
        {
          "caseId": "4646160b-6eca-4d12-bfd0-182a042328c0",
          "caseValue": "1"
        }
      ]
    },
    {
      "id": "6b3c2370-2cba-4d2e-a0a1-2c3f278a6b48",
      "label": "Switch",
      "environment": "HOSTED",
      "presentation": "{\"w\":60,\"x\":399,\"h\":60,\"y\":1106}",
      "stepType": "SWITCH",
      "inputMappings": [
        {
          "inputPort": "input",
          "mapping": "${8c6f5e63-5e40-42a5-b4ff-d6be2f4c8d6e.responseThresholdsMet}"
        }
      ],
      "switchCases": [
        {
          "caseId": "8e06595f-9f8a-40b7-9d62-d68230fc644f",
          "caseValue": "TRUE"
        }
      ]
    },
    {
      "id": "b898110d-f9a5-492b-a553-19240693b5a6",
      "label": "Terminate Events",
      "environment": "HOSTED",
      "presentation": "{\"w\":60,\"x\":740,\"h\":60,\"y\":183}",
      "step": "798e3053-b4b4-5e8c-ba84-8a11c3be6237",
      "stepType": "SCRIPT_STEP",
      "inputMappings": [
        {
          "inputPort": "input",
          "mapping": "${966310a7-31b6-4eb5-93da-ef7ba87587f1.Event IDs}",
          "stepInput": "4fdf2591-4925-5682-8911-f0163d7f98dd"
        }
      ]
    },
    {
      "id": "76d77b0a-248b-4cff-bbaa-bfad939fc3be",
      "label": "Terminate Events",
      "environment": "HOSTED",
      "presentation": "{\"w\":60,\"x\":745,\"h\":60,\"y\":1241}",
      "step": "798e3053-b4b4-5e8c-ba84-8a11c3be6237",
      "stepType": "SCRIPT_STEP",
      "inputMappings": [
        {
          "inputPort": "input",
          "mapping": "${event.id}",
          "stepInput": "4fdf2591-4925-5682-8911-f0163d7f98dd"
        }
      ]
    },
    {
      "id": "478aa8c4-4706-4605-a53b-ea7d59c2eb1e",
      "label": "xMatters Create Event - Release Gate",
      "environment": "HOSTED",
      "presentation": "{\"w\":60,\"x\":169,\"h\":60,\"y\":-117}",
      "step": "d9ebcc5b-200a-4997-a5b9-15f3019bf78f",
      "stepType": "CREATE_EVENT",
      "inputMappings": [
        {
          "inputPort": "input",
          "mapping": "${d4c0fb82-0a0e-4edb-bcd4-344c618a5eb7.message}",
          "sectionItemKey": "aa6d9f95-177c-42b1-ad4e-dbf71d74bf52"
        },
        {
          "inputPort": "input",
          "mapping": "${d4c0fb82-0a0e-4edb-bcd4-344c618a5eb7.projectName}",
          "sectionItemKey": "f64415e9-4df3-4dcc-b34b-274b8629d8a7"
        },
        {
          "inputPort": "input",
          "mapping": "${d4c0fb82-0a0e-4edb-bcd4-344c618a5eb7.planID}",
          "sectionItemKey": "00d1e656-5135-4f2d-8aba-e26e4d4d0c58"
        },
        {
          "inputPort": "input",
          "mapping": "${d4c0fb82-0a0e-4edb-bcd4-344c618a5eb7.timelineID}",
          "sectionItemKey": "553001ad-397d-42ec-a523-a1784d2a43c8"
        },
        {
          "inputPort": "input",
          "mapping": "${d4c0fb82-0a0e-4edb-bcd4-344c618a5eb7.taskID}",
          "sectionItemKey": "27625c87-f7bf-4bdc-bb77-498dd8dd94c5"
        },
        {
          "inputPort": "input",
          "mapping": "${d4c0fb82-0a0e-4edb-bcd4-344c618a5eb7.buildId}",
          "sectionItemKey": "87399067-0fb6-40cd-93a6-c841fbed5717"
        },
        {
          "inputPort": "input",
          "mapping": "${d4c0fb82-0a0e-4edb-bcd4-344c618a5eb7.branch}",
          "sectionItemKey": "3801678c-d0b9-474b-a707-830456f53a6b"
        },
        {
          "inputPort": "input",
          "mapping": "${d4c0fb82-0a0e-4edb-bcd4-344c618a5eb7.repositoryProvider}",
          "sectionItemKey": "ca40b533-cf28-49e9-8340-bbb499cbd99f"
        },
        {
          "inputPort": "input",
          "mapping": "${d4c0fb82-0a0e-4edb-bcd4-344c618a5eb7.pipelineName}",
          "sectionItemKey": "7822fd31-603b-485f-9b34-c50f49a37ac2"
        },
        {
          "inputPort": "input",
          "mapping": "${d4c0fb82-0a0e-4edb-bcd4-344c618a5eb7.buildNumber}",
          "sectionItemKey": "b3b8fc12-b9c1-439c-b984-a87b6b62e7d5"
        },
        {
          "inputPort": "input",
          "mapping": "${d4c0fb82-0a0e-4edb-bcd4-344c618a5eb7.recipients}",
          "sectionItemKey": "recipients"
        },
        {
          "inputPort": "input",
          "mapping": "${d4c0fb82-0a0e-4edb-bcd4-344c618a5eb7.organization}",
          "sectionItemKey": "ae9cff19-66ad-40a1-a378-1c70fdd6d69a"
        },
        {
          "inputPort": "input",
          "mapping": "${d4c0fb82-0a0e-4edb-bcd4-344c618a5eb7.commit}",
          "sectionItemKey": "ba6d1dfc-8bb8-4c6b-ad8b-1c8d8185c790"
        },
        {
          "inputPort": "input",
          "mapping": "${d4c0fb82-0a0e-4edb-bcd4-344c618a5eb7.messageSubject}",
          "sectionItemKey": "7cb2db1d-edb9-4a45-a667-821f461c5f32"
        },
        {
          "inputPort": "input",
          "mapping": "${d4c0fb82-0a0e-4edb-bcd4-344c618a5eb7.callbackAuthToken}",
          "sectionItemKey": "da05faeb-e5ac-4e23-8db0-1fbbf47c0d69"
        },
        {
          "inputPort": "input",
          "mapping": "${d4c0fb82-0a0e-4edb-bcd4-344c618a5eb7.projectID}",
          "sectionItemKey": "12b00f0c-77b7-44db-b367-68e7b89bf2b4"
        },
        {
          "inputPort": "input",
          "mapping": "${d4c0fb82-0a0e-4edb-bcd4-344c618a5eb7.repositoryName}",
          "sectionItemKey": "7b9c8454-fb14-4847-a01d-d5e6263fd6e5"
        },
        {
          "inputPort": "input",
          "mapping": "${d4c0fb82-0a0e-4edb-bcd4-344c618a5eb7.jobID}",
          "sectionItemKey": "c4ddbddf-d5f5-4e36-8fa0-a88f9ad84474"
        }
      ]
    }
  ],
  "edges": [
    {
      "fromBlock": "8c6f5e63-5e40-42a5-b4ff-d6be2f4c8d6e",
      "fromPort": "output",
      "toBlock": "6b3c2370-2cba-4d2e-a0a1-2c3f278a6b48",
      "toPort": "input"
    },
    {
      "fromBlock": "966310a7-31b6-4eb5-93da-ef7ba87587f1",
      "fromPort": "output",
      "toBlock": "44fffe4a-8c34-4b6c-ae20-fb5023b086a8",
      "toPort": "input"
    },
    {
      "fromBlock": "a4a91a73-df58-4743-a8ae-5efad2908e85",
      "fromPort": "output",
      "toBlock": "8c6f5e63-5e40-42a5-b4ff-d6be2f4c8d6e",
      "toPort": "input"
    },
    {
      "fromBlock": "b508d08f-38b8-4185-805e-e383a23c2602",
      "fromPort": "dc458f74-7915-4f6e-9eaa-e7ca9b8d384e",
      "toBlock": "b9837e2b-b838-4dd3-b2b5-727b8c2bdabf",
      "toPort": "input"
    },
    {
      "fromBlock": "cd68108f-07ea-4904-91fa-0adeee8c2bd6",
      "fromPort": "output",
      "toBlock": "76d77b0a-248b-4cff-bbaa-bfad939fc3be",
      "toPort": "input"
    },
    {
      "fromBlock": "d4c0fb82-0a0e-4edb-bcd4-344c618a5eb7",
      "fromPort": "output",
      "toBlock": "966310a7-31b6-4eb5-93da-ef7ba87587f1",
      "toPort": "input"
    },
    {
      "fromBlock": "0b6e8090-e28e-4ce8-8d8e-4ac3cc1b8388",
      "fromPort": "66237fda-3b16-4368-b9c5-6d8b3f9a8ea2",
      "toBlock": "b508d08f-38b8-4185-805e-e383a23c2602",
      "toPort": "input"
    },
    {
      "fromBlock": "0b6e8090-e28e-4ce8-8d8e-4ac3cc1b8388",
      "fromPort": "867857e2-7895-4f1a-984c-3ed13dea4877",
      "toBlock": "555eff9f-8e25-442f-a5e9-0bd3aa6126a8",
      "toPort": "input"
    },
    {
      "fromBlock": "437113b5-9717-40dc-a897-c5cb2b353712",
      "fromPort": "output",
      "toBlock": "0b6e8090-e28e-4ce8-8d8e-4ac3cc1b8388",
      "toPort": "input"
    },
    {
      "fromBlock": "44fffe4a-8c34-4b6c-ae20-fb5023b086a8",
      "fromPort": "4646160b-6eca-4d12-bfd0-182a042328c0",
      "toBlock": "437113b5-9717-40dc-a897-c5cb2b353712",
      "toPort": "input"
    },
    {
      "fromBlock": "44fffe4a-8c34-4b6c-ae20-fb5023b086a8",
      "fromPort": "5b907000-2153-4d43-820b-0e777a11cc56",
      "toBlock": "478aa8c4-4706-4605-a53b-ea7d59c2eb1e",
      "toPort": "input"
    },
    {
      "fromBlock": "555eff9f-8e25-442f-a5e9-0bd3aa6126a8",
      "fromPort": "output",
      "toBlock": "b898110d-f9a5-492b-a553-19240693b5a6",
      "toPort": "input"
    },
    {
      "fromBlock": "6b3c2370-2cba-4d2e-a0a1-2c3f278a6b48",
      "fromPort": "8e06595f-9f8a-40b7-9d62-d68230fc644f",
      "toBlock": "cd68108f-07ea-4904-91fa-0adeee8c2bd6",
      "toPort": "input"
    }
  ]
}